index,ProviderNumber,HospitalName,Address1,City,State,ZipCode,CountyName,PhoneNumber,HospitalType,HospitalOwner,EmergencyService
1,10018,callahan eye foundation hospital,1720 university blvd,birmingham,al,35233,jefferson,2053258100,acute care hospitals,voluntary non-profit - private,yes
2,10018,callahan eye foundation hospital,1720 university blvd,birmingham,al,35233,jefferson,2053258100,acute care hospitals,voluntary non-profit - private,yes
3,10018,callahan eye foundation hospital,1720 university blvd,birmingham,al,35233,jefferson,2053258100,acute care hospitals,voluntary non-profit - private,yes
4,10018,callahan eye foundation hospital,1720 university blvd,birmingham,al,35233,jefferson,2053258100,acute care hospitals,voluntary non-profit - private,yes
5,10018,callahan eye foundation hospital,1720 university blvd,birmingham,al,35233,jefferson,2053258100,acute care hospitals,voluntary non-profit - private,yes
6,10018,callahan eye foundation hospital,1720 university blvd,birmingham,al,35233,jefferson,2053258100,acute care hospitals,voluntary non-profit - private,yes
7,10018,callahan eye foundation hospital,1720 university blvd,birmingham,al,35233,jefferson,2053258100,acute care hospitals,voluntary non-profit - private,yes
8,10018,callahan eye foundation hospital,1720 university blvd,birmingham,al,35233,jefferson,2053258100,acute care hospitals,voluntary non-profit - private,yes
9,10019,helen keller memorial hospital,1300 south montgomery avenue,sheffield,al,35660,jefferson,2563864556,acute care hospitals,government - hospital district or authority,yes
10,10019,helen keller memorial hospital,1300 south montgomery avenue,sheffield,al,35660,jefferson,2563864556,acute care hospitals,government - hospital district or authority,yes
11,10019,helen keller memorial hospital,1300 south montgomery avenue,sheffield,al,35660,jefferson,2563864556,acute care hospitals,government - hospital district or authority,yes
12,10019,helen keller memorial hospital,1300 south montgomery avenue,sheffield,al,35660,jefferson,2563864556,acute care hospitals,government - hospital district or authority,yes
13,10019,helen keller memorial hospital,1300 south montgomery avenue,sheffield,al,35660,jefferson,2563864556,acute care hospitals,government - hospital district or authority,yes
14,10019,helen keller memorial hospital,1300 south montgomery avenue,sheffield,al,35660,jefferson,2563864556,acute care hospitals,government - hospital district or authority,yes
15,10019,helen keller memorial hospital,1300 south montgomery avenue,sheffield,al,35660,jefferson,2563864556,acute care hospitals,government - hospital district or authority,yes
16,10019,helen keller memorial hospital,1300 south montgomery avenue,sheffield,al,35660,jefferson,2563864556,acute care hospitals,government - hospital district or authority,yes
17,10019,helen keller memorial hospital,1300 south montgomery avenue,sheffield,al,35660,jefferson,2563864556,acute care hospitals,government - hospital district or authority,yes
18,10019,helen keller memorial hospital,1300 south montgomery avenue,sheffield,al,35660,jefferson,2563864556,acute care hospitals,government - hospital district or authority,yes
19,10019,helen keller memorial hospital,1300 south montgomery avenue,sheffield,al,35660,jefferson,2563864556,acute care hospitals,government - hospital district or authority,yes
20,10001,southeast alabama medical center,1108 ross clark circle,dothan,al,36302,houston,3347938701,acute care hospitals,government - hospital district or authority,yes
21,10001,southeast alabama medical center,1108 ross clark circle,dothan,al,36302,houston,3347938701,acute care hospitals,government - hospital district or authority,yes
22,10001,southeast alabama medical center,1108 ross clark circle,dothan,al,36302,houston,3347938701,acute care hospitals,government - hospital district or authority,yes
23,10001,southeast alabama medical center,1108 ross clark circle,dothan,al,36302,houston,3347938701,acute care hospitals,government - hospital district or authority,yes
24,10001,southeast alabama medical center,1108 ross clark circle,dothan,al,36302,houston,3347938701,acute care hospitals,government - hospital district or authority,yes
25,10001,southeast alabama medical center,1108 ross clark circle,dothan,al,36302,houston,3347938701,acute care hospitals,government - hospital district or authority,yes
26,10001,southeast alabama medical center,1108 ross clark circle,dothan,al,36302,houston,3347938701,acute care hospitals,government - hospital district or authority,yes
27,10001,southeast alabama medical center,1108 ross clark circle,dothan,al,36302,houston,3347938701,acute care hospitals,government - hospital district or authority,yes
28,10001,southeast alabama medical center,1108 ross clark circle,dothan,al,36302,houston,3347938701,acute care hospitals,government - hospital district or authority,yes
29,10001,southeast alabama medical center,1108 ross clark circle,dothan,al,36302,houston,3347938701,acute care hospitals,government - hospital district or authority,yes
30,10001,southeast alabama medical center,1108 ross clark circle,dothan,al,36302,houston,3347938701,acute care hospitals,government - hospital district or authority,yes
31,10001,southeast alabama medical center,1108 ross clark circle,dothan,al,36302,houston,3347938701,acute care hospitals,government - hospital district or authority,yes
32,10001,southeast alabama medical center,1108 ross clark circle,dothan,al,36302,houston,3347938701,acute care hospitals,government - hospital district or authority,yes
33,10001,southeast alabama medical center,1108 ross clark circle,dothan,al,36302,houston,3347938701,acute care hospitals,government - hospital district or authority,yes
34,10001,southeast alabama medical center,1108 ross clark circle,dothan,al,36302,houston,3347938701,acute care hospitals,government - hospital district or authority,yes
35,10001,southeast alabama medical center,1108 ross clark circle,dothan,al,36302,houston,3347938701,acute care hospitals,government - hospital district or authority,yes
36,10001,southeast alabama medical center,1108 ross clark circle,dothan,al,36302,houston,3347938701,acute care hospitals,government - hospital district or authority,yes
37,10001,southeast alabama medical center,1108 ross clark circle,dothan,al,36302,houston,3347938701,acute care hospitals,government - hospital district or authority,yes
38,10001,southeast alabama medical center,1108 ross clark circle,dothan,al,36302,houston,3347938701,acute care hospitals,government - hospital district or authority,yes
39,10001,southeast alabama medical center,1108 ross clark circle,dothan,al,36302,houston,3347938701,acute care hospitals,government - hospital district or authority,yes
40,10001,southeast alabama medical center,1108 ross clark circle,dothan,al,36302,houston,3347938701,acute care hospitals,government - hospital district or authority,yes
41,10001,southeast alabama medical center,1108 ross clark circle,dothan,al,36302,houston,3347938701,acute care hospitals,government - hospital district or authority,yes
42,10001,southeast alabama medical center,1108 ross clark circle,dothan,al,36302,houston,3347938701,acute care hospitals,government - hospital district or authority,yes
43,10001,southeast alabama medical center,1108 ross clark circle,dothan,al,36302,houston,3347938701,acute care hospitals,government - hospital district or authority,yes
44,10001,southeast alabama medical center,1108 ross clark circle,dothan,al,36302,houston,3347938701,acute care hospitals,government - hospital district or authority,yes
45,10005,marshall medical center south,2505 u s highway 431 north,boaz,al,35957,marshall,2565938310,acute care hospitals,government - hospital district or authority,yes
46,10005,marshall medical center south,2505 u s highway 431 north,boaz,al,35957,marshall,2565938310,acute care hospitals,government - hospital district or authority,yes
47,10005,marshall medical center south,2505 u s highway 431 north,boaz,al,35957,marshall,2565938310,acute care hospitals,government - hospital district or authority,yes
48,10005,marshall medical center south,2505 u s highway 431 north,boaz,al,35957,marshall,2565938310,acute care hospitals,government - hospital district or authority,yes
49,10005,marshall medical center south,2505 u s highway 431 north,boaz,al,35957,marshall,2565938310,acute care hospitals,government - hospital district or authority,yes
50,10005,marshall medical center south,2505 u s highway 431 north,boaz,al,35957,marshall,2565938310,acute care hospitals,government - hospital district or authority,yes
51,10005,marshall medical center south,2505 u s highway 431 north,boaz,al,35957,marshall,2565938310,acute care hospitals,government - hospital district or authority,yes
52,10005,marshall medical center south,2505 u s highway 431 north,boaz,al,35957,marshall,2565938310,acute care hospitals,government - hospital district or authority,yes
53,10005,marshall medical center south,2505 u s highway 431 north,boaz,al,35957,marshall,2565938310,acute care hospitals,government - hospital district or authority,yes
54,10005,marshall medical center south,2505 u s highway 431 north,boaz,al,35957,marshall,2565938310,acute care hospitals,government - hospital district or authority,yes
55,10005,marshall medical center south,2505 u s highway 431 north,boaz,al,35957,marshall,2565938310,acute care hospitals,government - hospital district or authority,yes
56,10005,marshall medical center south,2505 u s highway 431 north,boaz,al,35957,marshall,2565938310,acute care hospitals,government - hospital district or authority,yes
57,10005,marshall medical center south,2505 u s highway 431 north,boaz,al,35957,marshall,2565938310,acute care hospitals,government - hospital district or authority,yes
58,10005,marshall medical center south,2505 u s highway 431 north,boaz,al,35957,marshall,2565938310,acute care hospitals,government - hospital district or authority,yes
59,10005,marshall medical center south,2505 u s highway 431 north,boaz,al,35957,marshall,2565938310,acute care hospitals,government - hospital district or authority,yes
60,10005,marshall medical center south,2505 u s highway 431 north,boaz,al,35957,marshall,2565938310,acute care hospitals,government - hospital district or authority,yes
61,10005,marshall medical center south,2505 u s highway 431 north,boaz,al,35957,marshall,2565938310,acute care hospitals,government - hospital district or authority,yes
62,10005,marshall medical center south,2505 u s highway 431 north,boaz,al,35957,marshall,2565938310,acute care hospitals,government - hospital district or authority,yes
63,10005,marshall medical center south,2505 u s highway 431 north,boaz,al,35957,marshall,2565938310,acute care hospitals,government - hospital district or authority,yes
64,10005,marshall medical center south,2505 u s highway 431 north,boaz,al,35957,marshall,2565938310,acute care hospitals,government - hospital district or authority,yes
65,10005,marshall medical center south,2505 u s highway 431 north,boaz,al,35957,marshall,2565938310,acute care hospitals,government - hospital district or authority,yes
66,10005,marshall medical center south,2505 u s highway 431 north,boaz,al,35957,marshall,2565938310,acute care hospitals,government - hospital district or authority,yes
67,10005,marshall medical center south,2505 u s highway 431 north,boaz,al,35957,marshall,2565938310,acute care hospitals,government - hospital district or authority,yes
68,10005,marshall medical center south,2505 u s highway 431 north,boaz,al,35957,marshall,2565938310,acute care hospitals,government - hospital district or authority,yes
69,10005,marshall medical center south,2505 u s highway 431 north,boaz,al,35957,marshall,2565938310,acute care hospitals,government - hospital district or authority,yes
70,10006,eliza coffee memorial hospital,205 marengo street,florence,al,35631,lauderdale,2567688400,acute care hospitals,voluntary non-profit - other,yes
71,10006,eliza coffee memorial hospital,205 marengo street,florence,al,35631,lauderdale,2567688400,acute care hospitals,voluntary non-profit - other,yes
72,10006,eliza coffee memorial hospital,205 marengo street,florence,al,35631,lauderdale,2567688400,acute care hospitals,voluntary non-profit - other,yes
73,10006,eliza coffee memorial hospital,205 marengo street,florence,al,35631,lauderdale,2567688400,acute care hospitals,voluntary non-profit - other,yes
74,10006,eliza coffee memorial hospital,205 marengo street,florence,al,35631,lauderdale,2567688400,acute care hospitals,voluntary non-profit - other,yes
75,10006,eliza coffee memorial hospital,205 marengo street,florence,al,35631,lauderdale,2567688400,acute care hospitals,voluntary non-profit - other,yes
76,10006,eliza coffee memorial hospital,205 marengo street,florence,al,35631,lauderdale,2567688400,acute care hospitals,voluntary non-profit - other,yes
77,10006,eliza coffee memorial hospital,205 marengo street,florence,al,35631,lauderdale,2567688400,acute care hospitals,voluntary non-profit - other,yes
78,10006,eliza coffee memorial hospital,205 marengo street,florence,al,35631,lauderdale,2567688400,acute care hospitals,voluntary non-profit - other,yes
79,10006,eliza coffee memorial hospital,205 marengo street,florence,al,35631,lauderdale,2567688400,acute care hospitals,voluntary non-profit - other,yes
80,10006,eliza coffee memorial hospital,205 marengo street,florence,al,35631,lauderdale,2567688400,acute care hospitals,voluntary non-profit - other,yes
81,10006,eliza coffee memorial hospital,205 marengo street,florence,al,35631,lauderdale,2567688400,acute care hospitals,voluntary non-profit - other,yes
82,10006,eliza coffee memorial hospital,205 marengo street,florence,al,35631,lauderdale,2567688400,acute care hospitals,voluntary non-profit - other,yes
83,10006,eliza coffee memorial hospital,205 marengo street,florence,al,35631,lauderdale,2567688400,acute care hospitals,voluntary non-profit - other,yes
84,10006,eliza coffee memorial hospital,205 marengo street,florence,al,35631,lauderdale,2567688400,acute care hospitals,voluntary non-profit - other,yes
85,10006,eliza coffee memorial hospital,205 marengo street,florence,al,35631,lauderdale,2567688400,acute care hospitals,voluntary non-profit - other,yes
86,10006,eliza coffee memorial hospital,205 marengo street,florence,al,35631,lauderdale,2567688400,acute care hospitals,voluntary non-profit - other,yes
87,10006,eliza coffee memorial hospital,205 marengo street,florence,al,35631,lauderdale,2567688400,acute care hospitals,voluntary non-profit - other,yes
88,10006,eliza coffee memorial hospital,205 marengo street,florence,al,35631,lauderdale,2567688400,acute care hospitals,voluntary non-profit - other,yes
89,10006,eliza coffee memorial hospital,205 marengo street,florence,al,35631,lauderdale,2567688400,acute care hospitals,voluntary non-profit - other,yes
90,10006,eliza coffee memorial hospital,205 marengo street,florence,al,35631,lauderdale,2567688400,acute care hospitals,voluntary non-profit - other,yes
91,10006,eliza coffee memorial hospital,205 marengo street,florence,al,35631,lauderdale,2567688400,acute care hospitals,voluntary non-profit - other,yes
92,10006,eliza coffee memorial hospital,205 marengo street,florence,al,35631,lauderdale,2567688400,acute care hospitals,voluntary non-profit - other,yes
93,10006,eliza coffee memorial hospital,205 marengo street,florence,al,35631,lauderdale,2567688400,acute care hospitals,voluntary non-profit - other,yes
94,10006,eliza coffee memorial hospital,205 marengo street,florence,al,35631,lauderdale,2567688400,acute care hospitals,voluntary non-profit - other,yes
95,10007,mizell memorial hospital,702 n main st,opp,al,36467,covington,3344933541,acute care hospitals,voluntary non-profit - private,no
96,10007,mizell memorial hospital,702 n main st,opp,al,36467,covington,3344933541,acute care hospitals,voluntary non-profit - private,no
97,10007,mizell memorial hospital,702 n main st,opp,al,36467,covington,3344933541,acute care hospitals,voluntary non-profit - private,no
98,10007,mizell memorial hospital,702 n main st,opp,al,36467,covington,3344933541,acute care hospitals,voluntary non-profit - private,no
99,10007,mizell memorial hospital,702 n main st,opp,al,36467,covington,3344933541,acute care hospitals,voluntary non-profit - private,no
100,10007,mizell memorial hospital,702 n main st,opp,al,36467,covington,3344933541,acute care hospitals,voluntary non-profit - private,no
101,10007,mizell memorial hospital,702 n main st,opp,al,36467,covington,3344933541,acute care hospitals,voluntary non-profit - private,no
102,10007,mizell memorial hospital,702 n main st,opp,al,36467,covington,3344933541,acute care hospitals,voluntary non-profit - private,no
103,10007,mizell memorial hospital,702 n main st,opp,al,36467,covington,3344933541,acute care hospitals,voluntary non-profit - private,no
104,10007,mizell memorial hospital,702 n main st,opp,al,36467,covington,3344933541,acute care hospitals,voluntary non-profit - private,no
105,10007,mizell memorial hospital,702 n main st,opp,al,36467,covington,3344933541,acute care hospitals,voluntary non-profit - private,no
106,10007,mizell memorial hospital,702 n main st,opp,al,36467,covington,3344933541,acute care hospitals,voluntary non-profit - private,no
107,10007,mizell memorial hospital,702 n main st,opp,al,36467,covington,3344933541,acute care hospitals,voluntary non-profit - private,no
108,10007,mizell memorial hospital,702 n main st,opp,al,36467,covington,3344933541,acute care hospitals,voluntary non-profit - private,no
109,10007,mizell memorial hospital,702 n main st,opp,al,36467,covington,3344933541,acute care hospitals,voluntary non-profit - private,no
110,10007,mizell memorial hospital,702 n main st,opp,al,36467,covington,3344933541,acute care hospitals,voluntary non-profit - private,no
111,10007,mizell memorial hospital,702 n main st,opp,al,36467,covington,3344933541,acute care hospitals,voluntary non-profit - private,no
112,10007,mizell memorial hospital,702 n main st,opp,al,36467,covington,3344933541,acute care hospitals,voluntary non-profit - private,no
113,10007,mizell memorial hospital,702 n main st,opp,al,36467,covington,3344933541,acute care hospitals,voluntary non-profit - private,no
114,10007,mizell memorial hospital,702 n main st,opp,al,36467,covington,3344933541,acute care hospitals,voluntary non-profit - private,no
115,10007,mizell memorial hospital,702 n main st,opp,al,36467,covington,3344933541,acute care hospitals,voluntary non-profit - private,no
116,10007,mizell memorial hospital,702 n main st,opp,al,36467,covington,3344933541,acute care hospitals,voluntary non-profit - private,no
117,10007,mizell memorial hospital,702 n main st,opp,al,36467,covington,3344933541,acute care hospitals,voluntary non-profit - private,no
118,10007,mizell memorial hospital,702 n main st,opp,al,36467,covington,3344933541,acute care hospitals,voluntary non-profit - private,no
119,10007,mizell memorial hospital,702 n main st,opp,al,36467,covington,3344933541,acute care hospitals,voluntary non-profit - private,no
120,10008,crenshaw community hospital,101 hospital circle,luverne,al,36049,crenshaw,3343353374,acute care hospitals,government - federal,yes
121,10008,crenshaw community hospital,101 hospital circle,luverne,al,36049,crenshaw,3343353374,acute care hospitals,government - federal,yes
122,10008,crenshaw community hospital,101 hospital circle,luverne,al,36049,crenshaw,3343353374,acute care hospitals,government - federal,yes
123,10008,crenshaw community hospital,101 hospital circle,luverne,al,36049,crenshaw,3343353374,acute care hospitals,government - federal,yes
124,10008,crenshaw community hospital,101 hospital circle,luverne,al,36049,crenshaw,3343353374,acute care hospitals,government - federal,yes
125,10008,crenshaw community hospital,101 hospital circle,luverne,al,36049,crenshaw,3343353374,acute care hospitals,government - federal,yes
126,10008,crenshaw community hospital,101 hospital circle,luverne,al,36049,crenshaw,3343353374,acute care hospitals,government - federal,yes
127,10008,crenshaw community hospital,101 hospital circle,luverne,al,36049,crenshaw,3343353374,acute care hospitals,government - federal,yes
128,10008,crenshaw community hospital,101 hospital circle,luverne,al,36049,crenshaw,3343353374,acute care hospitals,government - federal,yes
129,10008,crenshaw community hospital,101 hospital circle,luverne,al,36049,crenshaw,3343353374,acute care hospitals,government - federal,yes
130,10008,crenshaw community hospital,101 hospital circle,luverne,al,36049,crenshaw,3343353374,acute care hospitals,government - federal,yes
131,10008,crenshaw community hospital,101 hospital circle,luverne,al,36049,crenshaw,3343353374,acute care hospitals,government - federal,yes
132,10008,crenshaw community hospital,101 hospital circle,luverne,al,36049,crenshaw,3343353374,acute care hospitals,government - federal,yes
133,10008,crenshaw community hospital,101 hospital circle,luverne,al,36049,crenshaw,3343353374,acute care hospitals,government - federal,yes
134,10008,crenshaw community hospital,101 hospital circle,luverne,al,36049,crenshaw,3343353374,acute care hospitals,government - federal,yes
135,10008,crenshaw community hospital,101 hospital circle,luverne,al,36049,crenshaw,3343353374,acute care hospitals,government - federal,yes
136,10008,crenshaw community hospital,101 hospital circle,luverne,al,36049,crenshaw,3343353374,acute care hospitals,government - federal,yes
137,10008,crenshaw community hospital,101 hospital circle,luverne,al,36049,crenshaw,3343353374,acute care hospitals,government - federal,yes
138,10008,crenshaw community hospital,101 hospital circle,luverne,al,36049,crenshaw,3343353374,acute care hospitals,government - federal,yes
139,10008,crenshaw community hospital,101 hospital circle,luverne,al,36049,crenshaw,3343353374,acute care hospitals,government - federal,yes
140,10008,crenshaw community hospital,101 hospital circle,luverne,al,36049,crenshaw,3343353374,acute care hospitals,government - federal,yes
141,10008,crenshaw community hospital,101 hospital circle,luverne,al,36049,crenshaw,3343353374,acute care hospitals,government - federal,yes
142,10008,crenshaw community hospital,101 hospital circle,luverne,al,36049,crenshaw,3343353374,acute care hospitals,government - federal,yes
143,10008,crenshaw community hospital,101 hospital circle,luverne,al,36049,crenshaw,3343353374,acute care hospitals,government - federal,yes
144,10008,crenshaw community hospital,101 hospital circle,luverne,al,36049,crenshaw,3343353374,acute care hospitals,government - federal,yes
145,10009,hartselle medical center,201 pine street northwest,hartselle,al,35640,morgan,2567736511,acute care hospitals,proprietary,yes
146,10009,hartselle medical center,201 pine street northwest,hartselle,al,35640,morgan,2567736511,acute care hospitals,proprietary,yes
147,10009,hartselle medical center,201 pine street northwest,hartselle,al,35640,morgan,2567736511,acute care hospitals,proprietary,yes
148,10009,hartselle medical center,201 pine street northwest,hartselle,al,35640,morgan,2567736511,acute care hospitals,proprietary,yes
149,10009,hartselle medical center,201 pine street northwest,hartselle,al,35640,morgan,2567736511,acute care hospitals,proprietary,yes
150,10009,hartselle medical center,201 pine street northwest,hartselle,al,35640,morgan,2567736511,acute care hospitals,proprietary,yes
151,10009,hartselle medical center,201 pine street northwest,hartselle,al,35640,morgan,2567736511,acute care hospitals,proprietary,yes
152,10009,hartselle medical center,201 pine street northwest,hartselle,al,35640,morgan,2567736511,acute care hospitals,proprietary,yes
153,10009,hartselle medical center,201 pine street northwest,hartselle,al,35640,morgan,2567736511,acute care hospitals,proprietary,yes
154,10009,hartselle medical center,201 pine street northwest,hartselle,al,35640,morgan,2567736511,acute care hospitals,proprietary,yes
155,10009,hartselle medical center,201 pine street northwest,hartselle,al,35640,morgan,2567736511,acute care hospitals,proprietary,yes
156,10009,hartselle medical center,201 pine street northwest,hartselle,al,35640,morgan,2567736511,acute care hospitals,proprietary,yes
157,10009,hartselle medical center,201 pine street northwest,hartselle,al,35640,morgan,2567736511,acute care hospitals,proprietary,yes
158,10009,hartselle medical center,201 pine street northwest,hartselle,al,35640,morgan,2567736511,acute care hospitals,proprietary,yes
159,10009,hartselle medical center,201 pine street northwest,hartselle,al,35640,morgan,2567736511,acute care hospitals,proprietary,yes
160,10009,hartselle medical center,201 pine street northwest,hartselle,al,35640,morgan,2567736511,acute care hospitals,proprietary,yes
161,10009,hartselle medical center,201 pine street northwest,hartselle,al,35640,morgan,2567736511,acute care hospitals,proprietary,yes
162,10009,hartselle medical center,201 pine street northwest,hartselle,al,35640,morgan,2567736511,acute care hospitals,proprietary,yes
163,10009,hartselle medical center,201 pine street northwest,hartselle,al,35640,morgan,2567736511,acute care hospitals,proprietary,yes
164,10009,hartselle medical center,201 pine street northwest,hartselle,al,35640,morgan,2567736511,acute care hospitals,proprietary,yes
165,10009,hartselle medical center,201 pine street northwest,hartselle,al,35640,morgan,2567736511,acute care hospitals,proprietary,yes
166,10009,hartselle medical center,201 pine street northwest,hartselle,al,35640,morgan,2567736511,acute care hospitals,proprietary,yes
167,10009,hartselle medical center,201 pine street northwest,hartselle,al,35640,morgan,2567736511,acute care hospitals,proprietary,yes
168,10009,hartselle medical center,201 pine street northwest,hartselle,al,35640,morgan,2567736511,acute care hospitals,proprietary,yes
169,10009,hartselle medical center,201 pine street northwest,hartselle,al,35640,morgan,2567736511,acute care hospitals,proprietary,yes
170,10010,marshall medical center north,8000 alabama highway 69,guntersville,al,35976,marshall,2565718000,acute care hospitals,government - hospital district or authority,yes
171,10010,marshall medical center north,8000 alabama highway 69,guntersville,al,35976,marshall,2565718000,acute care hospitals,government - hospital district or authority,yes
172,10010,marshall medical center north,8000 alabama highway 69,guntersville,al,35976,marshall,2565718000,acute care hospitals,government - hospital district or authority,yes
173,10010,marshall medical center north,8000 alabama highway 69,guntersville,al,35976,marshall,2565718000,acute care hospitals,government - hospital district or authority,yes
174,10010,marshall medical center north,8000 alabama highway 69,guntersville,al,35976,marshall,2565718000,acute care hospitals,government - hospital district or authority,yes
175,10010,marshall medical center north,8000 alabama highway 69,guntersville,al,35976,marshall,2565718000,acute care hospitals,government - hospital district or authority,yes
176,10010,marshall medical center north,8000 alabama highway 69,guntersville,al,35976,marshall,2565718000,acute care hospitals,government - hospital district or authority,yes
177,10010,marshall medical center north,8000 alabama highway 69,guntersville,al,35976,marshall,2565718000,acute care hospitals,government - hospital district or authority,yes
178,10010,marshall medical center north,8000 alabama highway 69,guntersville,al,35976,marshall,2565718000,acute care hospitals,government - hospital district or authority,yes
179,10010,marshall medical center north,8000 alabama highway 69,guntersville,al,35976,marshall,2565718000,acute care hospitals,government - hospital district or authority,yes
180,10010,marshall medical center north,8000 alabama highway 69,guntersville,al,35976,marshall,2565718000,acute care hospitals,government - hospital district or authority,yes
181,10010,marshall medical center north,8000 alabama highway 69,guntersville,al,35976,marshall,2565718000,acute care hospitals,government - hospital district or authority,yes
182,10010,marshall medical center north,8000 alabama highway 69,guntersville,al,35976,marshall,2565718000,acute care hospitals,government - hospital district or authority,yes
183,10010,marshall medical center north,8000 alabama highway 69,guntersville,al,35976,marshall,2565718000,acute care hospitals,government - hospital district or authority,yes
184,10010,marshall medical center north,8000 alabama highway 69,guntersville,al,35976,marshall,2565718000,acute care hospitals,government - hospital district or authority,yes
185,10010,marshall medical center north,8000 alabama highway 69,guntersville,al,35976,marshall,2565718000,acute care hospitals,government - hospital district or authority,yes
186,10010,marshall medical center north,8000 alabama highway 69,guntersville,al,35976,marshall,2565718000,acute care hospitals,government - hospital district or authority,yes
187,10010,marshall medical center north,8000 alabama highway 69,guntersville,al,35976,marshall,2565718000,acute care hospitals,government - hospital district or authority,yes
188,10010,marshall medical center north,8000 alabama highway 69,guntersville,al,35976,marshall,2565718000,acute care hospitals,government - hospital district or authority,yes
189,10010,marshall medical center north,8000 alabama highway 69,guntersville,al,35976,marshall,2565718000,acute care hospitals,government - hospital district or authority,yes
190,10010,marshall medical center north,8000 alabama highway 69,guntersville,al,35976,marshall,2565718000,acute care hospitals,government - hospital district or authority,yes
191,10010,marshall medical center north,8000 alabama highway 69,guntersville,al,35976,marshall,2565718000,acute care hospitals,government - hospital district or authority,yes
192,10010,marshall medical center north,8000 alabama highway 69,guntersville,al,35976,marshall,2565718000,acute care hospitals,government - hospital district or authority,yes
193,10010,marshall medical center north,8000 alabama highway 69,guntersville,al,35976,marshall,2565718000,acute care hospitals,government - hospital district or authority,yes
194,10010,marshall medical center north,8000 alabama highway 69,guntersville,al,35976,marshall,2565718000,acute care hospitals,government - hospital district or authority,yes
195,10011,st vincents east,50 medical park east drive,birmingham,al,35235,jefferson,2058383122,acute care hospitals,voluntary non-profit - private,yes
196,10011,st vincents east,50 medical park east drive,birmingham,al,35235,jefferson,2058383122,acute care hospitals,voluntary non-profit - private,yes
197,10011,st vincents east,50 medical park east drive,birmingham,al,35235,jefferson,2058383122,acute care hospitals,voluntary non-profit - private,yes
198,10011,st vincents east,50 medical park east drive,birmingham,al,35235,jefferson,2058383122,acute care hospitals,voluntary non-profit - private,yes
199,10011,st vincents east,50 medical park east drive,birmingham,al,35235,jefferson,2058383122,acute care hospitals,voluntary non-profit - private,yes
200,10011,st vincents east,50 medical park east drive,birmingham,al,35235,jefferson,2058383122,acute care hospitals,voluntary non-profit - private,yes
201,10011,st vincents east,50 medical park east drive,birmingham,al,35235,jefferson,2058383122,acute care hospitals,voluntary non-profit - private,yes
202,10011,st vincents east,50 medical park east drive,birmingham,al,35235,jefferson,2058383122,acute care hospitals,voluntary non-profit - private,yes
203,10011,st vincents east,50 medical park east drive,birmingham,al,35235,jefferson,2058383122,acute care hospitals,voluntary non-profit - private,yes
204,10011,st vincents east,50 medical park east drive,birmingham,al,35235,jefferson,2058383122,acute care hospitals,voluntary non-profit - private,yes
205,10011,st vincents east,50 medical park east drive,birmingham,al,35235,jefferson,2058383122,acute care hospitals,voluntary non-profit - private,yes
206,10011,st vincents east,50 medical park east drive,birmingham,al,35235,jefferson,2058383122,acute care hospitals,voluntary non-profit - private,yes
207,10011,st vincents east,50 medical park east drive,birmingham,al,35235,jefferson,2058383122,acute care hospitals,voluntary non-profit - private,yes
208,10011,st vincents east,50 medical park east drive,birmingham,al,35235,jefferson,2058383122,acute care hospitals,voluntary non-profit - private,yes
209,10011,st vincents east,50 medical park east drive,birmingham,al,35235,jefferson,2058383122,acute care hospitals,voluntary non-profit - private,yes
210,10011,st vincents east,50 medical park east drive,birmingham,al,35235,jefferson,2058383122,acute care hospitals,voluntary non-profit - private,yes
211,10011,st vincents east,50 medical park east drive,birmingham,al,35235,jefferson,2058383122,acute care hospitals,voluntary non-profit - private,yes
212,10011,st vincents east,50 medical park east drive,birmingham,al,35235,jefferson,2058383122,acute care hospitals,voluntary non-profit - private,yes
213,10011,st vincents east,50 medical park east drive,birmingham,al,35235,jefferson,2058383122,acute care hospitals,voluntary non-profit - private,yes
214,10011,st vincents east,50 medical park east drive,birmingham,al,35235,jefferson,2058383122,acute care hospitals,voluntary non-profit - private,yes
215,10011,st vincents east,50 medical park east drive,birmingham,al,35235,jefferson,2058383122,acute care hospitals,voluntary non-profit - private,yes
216,10011,st vincents east,50 medical park east drive,birmingham,al,35235,jefferson,2058383122,acute care hospitals,voluntary non-profit - private,yes
217,10011,st vincents east,50 medical park east drive,birmingham,al,35235,jefferson,2058383122,acute care hospitals,voluntary non-profit - private,yes
218,10011,st vincents east,50 medical park east drive,birmingham,al,35235,jefferson,2058383122,acute care hospitals,voluntary non-profit - private,yes
219,10011,st vincents east,50 medical park east drive,birmingham,al,35235,jefferson,2058383122,acute care hospitals,voluntary non-profit - private,yes
220,10012,dekalb regional medical center,200 med center drive,fort payne,al,35968,de kalb,2568453150,acute care hospitals,voluntary non-profit - church,yes
221,10012,dekalb regional medical center,200 med center drive,fort payne,al,35968,de kalb,2568453150,acute care hospitals,voluntary non-profit - church,yes
222,10012,dekalb regional medical center,200 med center drive,fort payne,al,35968,de kalb,2568453150,acute care hospitals,voluntary non-profit - church,yes
223,10012,dekalb regional medical center,200 med center drive,fort payne,al,35968,de kalb,2568453150,acute care hospitals,voluntary non-profit - church,yes
224,10012,dekalb regional medical center,200 med center drive,fort payne,al,35968,de kalb,2568453150,acute care hospitals,voluntary non-profit - church,yes
225,10012,dekalb regional medical center,200 med center drive,fort payne,al,35968,de kalb,2568453150,acute care hospitals,voluntary non-profit - church,yes
226,10012,dekalb regional medical center,200 med center drive,fort payne,al,35968,de kalb,2568453150,acute care hospitals,voluntary non-profit - church,yes
227,10012,dekalb regional medical center,200 med center drive,fort payne,al,35968,de kalb,2568453150,acute care hospitals,voluntary non-profit - church,yes
228,10012,dekalb regional medical center,200 med center drive,fort payne,al,35968,de kalb,2568453150,acute care hospitals,voluntary non-profit - church,yes
229,10012,dekalb regional medical center,200 med center drive,fort payne,al,35968,de kalb,2568453150,acute care hospitals,voluntary non-profit - church,yes
230,10012,dekalb regional medical center,200 med center drive,fort payne,al,35968,de kalb,2568453150,acute care hospitals,voluntary non-profit - church,yes
231,10012,dekalb regional medical center,200 med center drive,fort payne,al,35968,de kalb,2568453150,acute care hospitals,voluntary non-profit - church,yes
232,10012,dekalb regional medical center,200 med center drive,fort payne,al,35968,de kalb,2568453150,acute care hospitals,voluntary non-profit - church,yes
233,10012,dekalb regional medical center,200 med center drive,fort payne,al,35968,de kalb,2568453150,acute care hospitals,voluntary non-profit - church,yes
234,10012,dekalb regional medical center,200 med center drive,fort payne,al,35968,de kalb,2568453150,acute care hospitals,voluntary non-profit - church,yes
235,10012,dekalb regional medical center,200 med center drive,fort payne,al,35968,de kalb,2568453150,acute care hospitals,voluntary non-profit - church,yes
236,10012,dekalb regional medical center,200 med center drive,fort payne,al,35968,de kalb,2568453150,acute care hospitals,voluntary non-profit - church,yes
237,10012,dekalb regional medical center,200 med center drive,fort payne,al,35968,de kalb,2568453150,acute care hospitals,voluntary non-profit - church,yes
238,10012,dekalb regional medical center,200 med center drive,fort payne,al,35968,de kalb,2568453150,acute care hospitals,voluntary non-profit - church,yes
239,10012,dekalb regional medical center,200 med center drive,fort payne,al,35968,de kalb,2568453150,acute care hospitals,voluntary non-profit - church,yes
240,10012,dekalb regional medical center,200 med center drive,fort payne,al,35968,de kalb,2568453150,acute care hospitals,voluntary non-profit - church,yes
241,10012,dekalb regional medical center,200 med center drive,fort payne,al,35968,de kalb,2568453150,acute care hospitals,voluntary non-profit - church,yes
242,10012,dekalb regional medical center,200 med center drive,fort payne,al,35968,de kalb,2568453150,acute care hospitals,voluntary non-profit - church,yes
243,10012,dekalb regional medical center,200 med center drive,fort payne,al,35968,de kalb,2568453150,acute care hospitals,voluntary non-profit - church,yes
244,10012,dekalb regional medical center,200 med center drive,fort payne,al,35968,de kalb,2568453150,acute care hospitals,voluntary non-profit - church,yes
245,10015,southwest alabama medical center,33700 highway 43,thomasville,al,36784,clarke,3346366221,acute care hospitals,government - federal,yes
246,10015,southwest alabama medical center,33700 highway 43,thomasville,al,36784,clarke,3346366221,acute care hospitals,government - federal,yes
247,10015,southwest alabama medical center,33700 highway 43,thomasville,al,36784,clarke,3346366221,acute care hospitals,government - federal,yes
248,10015,southwest alabama medical center,33700 highway 43,thomasville,al,36784,clarke,3346366221,acute care hospitals,government - federal,yes
249,10015,southwest alabama medical center,33700 highway 43,thomasville,al,36784,clarke,3346366221,acute care hospitals,government - federal,yes
250,10015,southwest alabama medical center,33700 highway 43,thomasville,al,36784,clarke,3346366221,acute care hospitals,government - federal,yes
251,10015,southwest alabama medical center,33700 highway 43,thomasville,al,36784,clarke,3346366221,acute care hospitals,government - federal,yes
252,10015,southwest alabama medical center,33700 highway 43,thomasville,al,36784,clarke,3346366221,acute care hospitals,government - federal,yes
253,10015,southwest alabama medical center,33700 highway 43,thomasville,al,36784,clarke,3346366221,acute care hospitals,government - federal,yes
254,10015,southwest alabama medical center,33700 highway 43,thomasville,al,36784,clarke,3346366221,acute care hospitals,government - federal,yes
255,10015,southwest alabama medical center,33700 highway 43,thomasville,al,36784,clarke,3346366221,acute care hospitals,government - federal,yes
256,10015,southwest alabama medical center,33700 highway 43,thomasville,al,36784,clarke,3346366221,acute care hospitals,government - federal,yes
257,10015,southwest alabama medical center,33700 highway 43,thomasville,al,36784,clarke,3346366221,acute care hospitals,government - federal,yes
258,10015,southwest alabama medical center,33700 highway 43,thomasville,al,36784,clarke,3346366221,acute care hospitals,government - federal,yes
259,10015,southwest alabama medical center,33700 highway 43,thomasville,al,36784,clarke,3346366221,acute care hospitals,government - federal,yes
260,10015,southwest alabama medical center,33700 highway 43,thomasville,al,36784,clarke,3346366221,acute care hospitals,government - federal,yes
261,10015,southwest alabama medical center,33700 highway 43,thomasville,al,36784,clarke,3346366221,acute care hospitals,government - federal,yes
262,10015,southwest alabama medical center,33700 highway 43,thomasville,al,36784,clarke,3346366221,acute care hospitals,government - federal,yes
263,10015,southwest alabama medical center,33700 highway 43,thomasville,al,36784,clarke,3346366221,acute care hospitals,government - federal,yes
264,10015,southwest alabama medical center,33700 highway 43,thomasville,al,36784,clarke,3346366221,acute care hospitals,government - federal,yes
265,10015,southwest alabama medical center,33700 highway 43,thomasville,al,36784,clarke,3346366221,acute care hospitals,government - federal,yes
266,10015,southwest alabama medical center,33700 highway 43,thomasville,al,36784,clarke,3346366221,acute care hospitals,government - federal,yes
267,10015,southwest alabama medical center,33700 highway 43,thomasville,al,36784,clarke,3346366221,acute care hospitals,government - federal,yes
268,10015,southwest alabama medical center,33700 highway 43,thomasville,al,36784,clarke,3346366221,acute care hospitals,government - federal,yes
269,10015,southwest alabama medical center,33700 highway 43,thomasville,al,36784,clarke,3346366221,acute care hospitals,government - federal,yes
270,10016,shelby baptist medical center,1000 first street north,alabaster,al,35007,shelby,2056208100,acute care hospitals,voluntary non-profit - church,yes
271,10016,shelby baptist medical center,1000 first street north,alabaster,al,35007,shelby,2056208100,acute care hospitals,voluntary non-profit - church,yes
272,10016,shelby baptist medical center,1000 first street north,alabaster,al,35007,shelby,2056208100,acute care hospitals,voluntary non-profit - church,yes
273,10016,shelby baptist medical center,1000 first street north,alabaster,al,35007,shelby,2056208100,acute care hospitals,voluntary non-profit - church,yes
274,10016,shelby baptist medical center,1000 first street north,alabaster,al,35007,shelby,2056208100,acute care hospitals,voluntary non-profit - church,yes
275,10016,shelby baptist medical center,1000 first street north,alabaster,al,35007,shelby,2056208100,acute care hospitals,voluntary non-profit - church,yes
276,10016,shelby baptist medical center,1000 first street north,alabaster,al,35007,shelby,2056208100,acute care hospitals,voluntary non-profit - church,yes
277,10016,shelby baptist medical center,1000 first street north,alabaster,al,35007,shelby,2056208100,acute care hospitals,voluntary non-profit - church,yes
278,10016,shelby baptist medical center,1000 first street north,alabaster,al,35007,shelby,2056208100,acute care hospitals,voluntary non-profit - church,yes
279,10016,shelby baptist medical center,1000 first street north,alabaster,al,35007,shelby,2056208100,acute care hospitals,voluntary non-profit - church,yes
280,10016,shelby baptist medical center,1000 first street north,alabaster,al,35007,shelby,2056208100,acute care hospitals,voluntary non-profit - church,yes
281,10016,shelby baptist medical center,1000 first street north,alabaster,al,35007,shelby,2056208100,acute care hospitals,voluntary non-profit - church,yes
282,10016,shelby baptist medical center,1000 first street north,alabaster,al,35007,shelby,2056208100,acute care hospitals,voluntary non-profit - church,yes
283,10016,shelby baptist medical center,1000 first street north,alabaster,al,35007,shelby,2056208100,acute care hospitals,voluntary non-profit - church,yes
284,10016,shelby baptist medical center,1000 first street north,alabaster,al,35007,shelby,2056208100,acute care hospitals,voluntary non-profit - church,yes
285,10016,shelby baptist medical center,1000 first street north,alabaster,al,35007,shelby,2056208100,acute care hospitals,voluntary non-profit - church,yes
286,10016,shelby baptist medical center,1000 first street north,alabaster,al,35007,shelby,2056208100,acute care hospitals,voluntary non-profit - church,yes
287,10016,shelby baptist medical center,1000 first street north,alabaster,al,35007,shelby,2056208100,acute care hospitals,voluntary non-profit - church,yes
288,10016,shelby baptist medical center,1000 first street north,alabaster,al,35007,shelby,2056208100,acute care hospitals,voluntary non-profit - church,yes
289,10016,shelby baptist medical center,1000 first street north,alabaster,al,35007,shelby,2056208100,acute care hospitals,voluntary non-profit - church,yes
290,10016,shelby baptist medical center,1000 first street north,alabaster,al,35007,shelby,2056208100,acute care hospitals,voluntary non-profit - church,yes
291,10016,shelby baptist medical center,1000 first street north,alabaster,al,35007,shelby,2056208100,acute care hospitals,voluntary non-profit - church,yes
292,10016,shelby baptist medical center,1000 first street north,alabaster,al,35007,shelby,2056208100,acute care hospitals,voluntary non-profit - church,yes
293,10016,shelby baptist medical center,1000 first street north,alabaster,al,35007,shelby,2056208100,acute care hospitals,voluntary non-profit - church,yes
294,10016,shelby baptist medical center,1000 first street north,alabaster,al,35007,shelby,2056208100,acute care hospitals,voluntary non-profit - church,yes
295,10018,callahan eye foundation hospital,1720 university blvd,birmingham,al,35233,jefferson,2053258100,acute care hospitals,voluntary non-profit - private,yes
296,10018,callahan eye foundation hospital,1720 university blvd,birmingham,al,35233,jefferson,2053258100,acute care hospitals,voluntary non-profit - private,yes
297,10018,callahan eye foundation hospital,1720 university blvd,birmingham,al,35233,jefferson,2053258100,acute care hospitals,voluntary non-profit - private,yes
298,10018,callahan eye foundation hospital,1720 university blvd,birmingham,al,35233,jefferson,2053258100,acute care hospitals,voluntary non-profit - private,yes
299,10018,callahan eye foundation hospital,1720 university blvd,birmingham,al,35233,jefferson,2053258100,acute care hospitals,voluntary non-profit - private,yes
300,10018,callahan eye foundation hospital,1720 university blvd,birmingham,al,35233,jefferson,2053258100,acute care hospitals,voluntary non-profit - private,yes
301,10018,callahan eye foundation hospital,1720 university blvd,birmingham,al,35233,jefferson,2053258100,acute care hospitals,voluntary non-profit - private,yes
302,10018,callahan eye foundation hospital,1720 university blvd,birmingham,al,35233,jefferson,2053258100,acute care hospitals,voluntary non-profit - private,yes
303,10018,callahan eye foundation hospital,1720 university blvd,birmingham,al,35233,jefferson,2053258100,acute care hospitals,voluntary non-profit - private,yes
304,10018,callahan eye foundation hospital,1720 university blvd,birmingham,al,35233,jefferson,2053258100,acute care hospitals,voluntary non-profit - private,yes
305,10018,callahan eye foundation hospital,1720 university blvd,birmingham,al,35233,jefferson,2053258100,acute care hospitals,voluntary non-profit - private,yes
306,10018,callahan eye foundation hospital,1720 university blvd,birmingham,al,35233,jefferson,2053258100,acute care hospitals,voluntary non-profit - private,yes
307,10018,callahan eye foundation hospital,1720 university blvd,birmingham,al,35233,jefferson,2053258100,acute care hospitals,voluntary non-profit - private,yes
308,10018,callahan eye foundation hospital,1720 university blvd,birmingham,al,35233,jefferson,2053258100,acute care hospitals,voluntary non-profit - private,yes
309,10018,callahan eye foundation hospital,1720 university blvd,birmingham,al,35233,jefferson,2053258100,acute care hospitals,voluntary non-profit - private,yes
310,10018,callahan eye foundation hospital,1720 university blvd,birmingham,al,35233,jefferson,2053258100,acute care hospitals,voluntary non-profit - private,yes
311,10018,callahan eye foundation hospital,1720 university blvd,birmingham,al,35233,jefferson,2053258100,acute care hospitals,voluntary non-profit - private,yes
312,10038,stringfellow memorial hospital,301 east 18th st,anniston,al,36201,calhoun,2562358900,acute care hospitals,proprietary,yes
313,10038,stringfellow memorial hospital,301 east 18th st,anniston,al,36201,calhoun,2562358900,acute care hospitals,proprietary,yes
314,10038,stringfellow memorial hospital,301 east 18th st,anniston,al,36201,calhoun,2562358900,acute care hospitals,proprietary,yes
315,10038,stringfellow memorial hospital,301 east 18th st,anniston,al,36201,calhoun,2562358900,acute care hospitals,proprietary,yes
316,10038,stringfellow memorial hospital,301 east 18th st,anniston,al,36201,calhoun,2562358900,acute care hospitals,proprietary,yes
317,10038,stringfellow memorial hospital,301 east 18th st,anniston,al,36201,calhoun,2562358900,acute care hospitals,proprietary,yes
318,10038,stringfellow memorial hospital,301 east 18th st,anniston,al,36201,calhoun,2562358900,acute care hospitals,proprietary,yes
319,10038,stringfellow memorial hospital,301 east 18th st,anniston,al,36201,calhoun,2562358900,acute care hospitals,proprietary,yes
320,10038,stringfellow memorial hospital,301 east 18th st,anniston,al,36201,calhoun,2562358900,acute care hospitals,proprietary,yes
321,10038,stringfellow memorial hospital,301 east 18th st,anniston,al,36201,calhoun,2562358900,acute care hospitals,proprietary,yes
322,10038,stringfellow memorial hospital,301 east 18th st,anniston,al,36201,calhoun,2562358900,acute care hospitals,proprietary,yes
323,10038,stringfellow memorial hospital,301 east 18th st,anniston,al,36201,calhoun,2562358900,acute care hospitals,proprietary,yes
324,10038,stringfellow memorial hospital,301 east 18th st,anniston,al,36201,calhoun,2562358900,acute care hospitals,proprietary,yes
325,10038,stringfellow memorial hospital,301 east 18th st,anniston,al,36201,calhoun,2562358900,acute care hospitals,proprietary,yes
326,10038,stringfellow memorial hospital,301 east 18th st,anniston,al,36201,calhoun,2562358900,acute care hospitals,proprietary,yes
327,10038,stringfellow memorial hospital,301 east 18th st,anniston,al,36201,calhoun,2562358900,acute care hospitals,proprietary,yes
328,10038,stringfellow memorial hospital,301 east 18th st,anniston,al,36201,calhoun,2562358900,acute care hospitals,proprietary,yes
329,10038,stringfellow memorial hospital,301 east 18th st,anniston,al,36201,calhoun,2562358900,acute care hospitals,proprietary,yes
330,10038,stringfellow memorial hospital,301 east 18th st,anniston,al,36201,calhoun,2562358900,acute care hospitals,proprietary,yes
331,10038,stringfellow memorial hospital,301 east 18th st,anniston,al,36201,calhoun,2562358900,acute care hospitals,proprietary,yes
332,10055,flowers hospital,4370 west main street,dothan,al,36305,houston,3347935000,acute care hospitals,proprietary,yes
333,10055,flowers hospital,4370 west main street,dothan,al,36305,houston,3347935000,acute care hospitals,proprietary,yes
334,10055,flowers hospital,4370 west main street,dothan,al,36305,houston,3347935000,acute care hospitals,proprietary,yes
335,10055,flowers hospital,4370 west main street,dothan,al,36305,houston,3347935000,acute care hospitals,proprietary,yes
336,10055,flowers hospital,4370 west main street,dothan,al,36305,houston,3347935000,acute care hospitals,proprietary,yes
337,10055,flowers hospital,4370 west main street,dothan,al,36305,houston,3347935000,acute care hospitals,proprietary,yes
338,10055,flowers hospital,4370 west main street,dothan,al,36305,houston,3347935000,acute care hospitals,proprietary,yes
339,10055,flowers hospital,4370 west main street,dothan,al,36305,houston,3347935000,acute care hospitals,proprietary,yes
340,10055,flowers hospital,4370 west main street,dothan,al,36305,houston,3347935000,acute care hospitals,proprietary,yes
341,10055,flowers hospital,4370 west main street,dothan,al,36305,houston,3347935000,acute care hospitals,proprietary,yes
342,10055,flowers hospital,4370 west main street,dothan,al,36305,houston,3347935000,acute care hospitals,proprietary,yes
343,10055,flowers hospital,4370 west main street,dothan,al,36305,houston,3347935000,acute care hospitals,proprietary,yes
344,10055,flowers hospital,4370 west main street,dothan,al,36305,houston,3347935000,acute care hospitals,proprietary,yes
345,10055,flowers hospital,4370 west main street,dothan,al,36305,houston,3347935000,acute care hospitals,proprietary,yes
346,10055,flowers hospital,4370 west main street,dothan,al,36305,houston,3347935000,acute care hospitals,proprietary,yes
347,10055,flowers hospital,4370 west main street,dothan,al,36305,houston,3347935000,acute care hospitals,proprietary,yes
348,10055,flowers hospital,4370 west main street,dothan,al,36305,houston,3347935000,acute care hospitals,proprietary,yes
349,10056,st vincents hospital,810 st vincents drive,birmingham,al,35205,jefferson,2059397000,acute care hospitals,voluntary non-profit - other,yes
350,10056,st vincents hospital,810 st vincents drive,birmingham,al,35205,jefferson,2059397000,acute care hospitals,voluntary non-profit - other,yes
351,10056,st vincents hospital,810 st vincents drive,birmingham,al,35205,jefferson,2059397000,acute care hospitals,voluntary non-profit - other,yes
352,10056,st vincents hospital,810 st vincents drive,birmingham,al,35205,jefferson,2059397000,acute care hospitals,voluntary non-profit - other,yes
353,10056,st vincents hospital,810 st vincents drive,birmingham,al,35205,jefferson,2059397000,acute care hospitals,voluntary non-profit - other,yes
354,10085,decatur general hospital,1201 7th street se,decatur,al,35609,morgan,2563412000,acute care hospitals,government - hospital district or authority,yes
355,10086,northwest medical center,1530 u s highway 43,winfield,al,35594,marion,2054877736,acute care hospitals,proprietary,yes
356,10086,northwest medical center,1530 u s highway 43,winfield,al,35594,marion,2054877736,acute care hospitals,proprietary,yes
357,10086,northwest medical center,1530 u s highway 43,winfield,al,35594,marion,2054877736,acute care hospitals,proprietary,yes
358,10086,northwest medical center,1530 u s highway 43,winfield,al,35594,marion,2054877736,acute care hospitals,proprietary,yes
359,10086,northwest medical center,1530 u s highway 43,winfield,al,35594,marion,2054877736,acute care hospitals,proprietary,yes
360,10086,northwest medical center,1530 u s highway 43,winfield,al,35594,marion,2054877736,acute care hospitals,proprietary,yes
361,10086,northwest medical center,1530 u s highway 43,winfield,al,35594,marion,2054877736,acute care hospitals,proprietary,yes
362,10086,northwest medical center,1530 u s highway 43,winfield,al,35594,marion,2054877736,acute care hospitals,proprietary,yes
363,10086,northwest medical center,1530 u s highway 43,winfield,al,35594,marion,2054877736,acute care hospitals,proprietary,yes
364,10086,northwest medical center,1530 u s highway 43,winfield,al,35594,marion,2054877736,acute care hospitals,proprietary,yes
365,10086,northwest medical center,1530 u s highway 43,winfield,al,35594,marion,2054877736,acute care hospitals,proprietary,yes
366,10086,northwest medical center,1530 u s highway 43,winfield,al,35594,marion,2054877736,acute care hospitals,proprietary,yes
367,10086,northwest medical center,1530 u s highway 43,winfield,al,35594,marion,2054877736,acute care hospitals,proprietary,yes
368,10086,northwest medical center,1530 u s highway 43,winfield,al,35594,marion,2054877736,acute care hospitals,proprietary,yes
369,10086,northwest medical center,1530 u s highway 43,winfield,al,35594,marion,2054877736,acute care hospitals,proprietary,yes
370,10086,northwest medical center,1530 u s highway 43,winfield,al,35594,marion,2054877736,acute care hospitals,proprietary,yes
371,10086,northwest medical center,1530 u s highway 43,winfield,al,35594,marion,2054877736,acute care hospitals,proprietary,yes
372,10086,northwest medical center,1530 u s highway 43,winfield,al,35594,marion,2054877736,acute care hospitals,proprietary,yes
373,10086,northwest medical center,1530 u s highway 43,winfield,al,35594,marion,2054877736,acute care hospitals,proprietary,yes
374,10086,northwest medical center,1530 u s highway 43,winfield,al,35594,marion,2054877736,acute care hospitals,proprietary,yes
375,10086,northwest medical center,1530 u s highway 43,winfield,al,35594,marion,2054877736,acute care hospitals,proprietary,yes
376,10086,northwest medical center,1530 u s highway 43,winfield,al,35594,marion,2054877736,acute care hospitals,proprietary,yes
377,10086,northwest medical center,1530 u s highway 43,winfield,al,35594,marion,2054877736,acute care hospitals,proprietary,yes
378,10086,northwest medical center,1530 u s highway 43,winfield,al,35594,marion,2054877736,acute care hospitals,proprietary,yes
379,10086,northwest medical center,1530 u s highway 43,winfield,al,35594,marion,2054877736,acute care hospitals,proprietary,yes
380,10087,univ of south alabama medical center,2451 fillingim street,mobile,al,36617,mobile,2514717110,acute care hospitals,government - state,yes
381,10087,univ of south alabama medical center,2451 fillingim street,mobile,al,36617,mobile,2514717110,acute care hospitals,government - state,yes
382,10087,univ of south alabama medical center,2451 fillingim street,mobile,al,36617,mobile,2514717110,acute care hospitals,government - state,yes
383,10087,univ of south alabama medical center,2451 fillingim street,mobile,al,36617,mobile,2514717110,acute care hospitals,government - state,yes
384,10087,univ of south alabama medical center,2451 fillingim street,mobile,al,36617,mobile,2514717110,acute care hospitals,government - state,yes
385,10087,univ of south alabama medical center,2451 fillingim street,mobile,al,36617,mobile,2514717110,acute care hospitals,government - state,yes
386,10087,univ of south alabama medical center,2451 fillingim street,mobile,al,36617,mobile,2514717110,acute care hospitals,government - state,yes
387,10087,univ of south alabama medical center,2451 fillingim street,mobile,al,36617,mobile,2514717110,acute care hospitals,government - state,yes
388,10087,univ of south alabama medical center,2451 fillingim street,mobile,al,36617,mobile,2514717110,acute care hospitals,government - state,yes
389,10087,univ of south alabama medical center,2451 fillingim street,mobile,al,36617,mobile,2514717110,acute care hospitals,government - state,yes
390,10087,univ of south alabama medical center,2451 fillingim street,mobile,al,36617,mobile,2514717110,acute care hospitals,government - state,yes
391,10087,univ of south alabama medical center,2451 fillingim street,mobile,al,36617,mobile,2514717110,acute care hospitals,government - state,yes
392,10087,univ of south alabama medical center,2451 fillingim street,mobile,al,36617,mobile,2514717110,acute care hospitals,government - state,yes
393,10108,prattville baptist hospital,124 s memorial dr,prattville,al,36067,autauga,3343614267,acute care hospitals,voluntary non-profit - private,yes
394,10108,prattville baptist hospital,124 s memorial dr,prattville,al,36067,autauga,3343614267,acute care hospitals,voluntary non-profit - private,yes
395,10108,prattville baptist hospital,124 s memorial dr,prattville,al,36067,autauga,3343614267,acute care hospitals,voluntary non-profit - private,yes
396,10108,prattville baptist hospital,124 s memorial dr,prattville,al,36067,autauga,3343614267,acute care hospitals,voluntary non-profit - private,yes
397,10108,prattville baptist hospital,124 s memorial dr,prattville,al,36067,autauga,3343614267,acute care hospitals,voluntary non-profit - private,yes
398,10108,prattville baptist hospital,124 s memorial dr,prattville,al,36067,autauga,3343614267,acute care hospitals,voluntary non-profit - private,yes
399,10108,prattville baptist hospital,124 s memorial dr,prattville,al,36067,autauga,3343614267,acute care hospitals,voluntary non-profit - private,yes
400,10108,prattville baptist hospital,124 s memorial dr,prattville,al,36067,autauga,3343614267,acute care hospitals,voluntary non-profit - private,yes
401,10108,prattville baptist hospital,124 s memorial dr,prattville,al,36067,autauga,3343614267,acute care hospitals,voluntary non-profit - private,yes
402,10108,prattville baptist hospital,124 s memorial dr,prattville,al,36067,autauga,3343614267,acute care hospitals,voluntary non-profit - private,yes
403,10108,prattville baptist hospital,124 s memorial dr,prattville,al,36067,autauga,3343614267,acute care hospitals,voluntary non-profit - private,yes
404,10108,prattville baptist hospital,124 s memorial dr,prattville,al,36067,autauga,3343614267,acute care hospitals,voluntary non-profit - private,yes
405,10108,prattville baptist hospital,124 s memorial dr,prattville,al,36067,autauga,3343614267,acute care hospitals,voluntary non-profit - private,yes
406,10108,prattville baptist hospital,124 s memorial dr,prattville,al,36067,autauga,3343614267,acute care hospitals,voluntary non-profit - private,yes
407,10108,prattville baptist hospital,124 s memorial dr,prattville,al,36067,autauga,3343614267,acute care hospitals,voluntary non-profit - private,yes
408,10108,prattville baptist hospital,124 s memorial dr,prattville,al,36067,autauga,3343614267,acute care hospitals,voluntary non-profit - private,yes
409,10108,prattville baptist hospital,124 s memorial dr,prattville,al,36067,autauga,3343614267,acute care hospitals,voluntary non-profit - private,yes
410,10108,prattville baptist hospital,124 s memorial dr,prattville,al,36067,autauga,3343614267,acute care hospitals,voluntary non-profit - private,yes
411,10108,prattville baptist hospital,124 s memorial dr,prattville,al,36067,autauga,3343614267,acute care hospitals,voluntary non-profit - private,yes
412,10108,prattville baptist hospital,124 s memorial dr,prattville,al,36067,autauga,3343614267,acute care hospitals,voluntary non-profit - private,yes
413,10158,russellville hospital,15155 highway 43,russellville,al,35653,franklin,2563321611,acute care hospitals,proprietary,yes
414,10158,russellville hospital,15155 highway 43,russellville,al,35653,franklin,2563321611,acute care hospitals,proprietary,yes
415,10164,coosa valley medical center,315 w hickory st,sylacauga,al,35150,talladega,2562495000,acute care hospitals,voluntary non-profit - other,no
416,10164,coosa valley medical center,315 w hickory st,sylacauga,al,35150,talladega,2562495000,acute care hospitals,voluntary non-profit - other,no
417,10164,coosa valley medical center,315 w hickory st,sylacauga,al,35150,talladega,2562495000,acute care hospitals,voluntary non-profit - other,no
418,10164,coosa valley medical center,315 w hickory st,sylacauga,al,35150,talladega,2562495000,acute care hospitals,voluntary non-profit - other,no
419,10164,coosa valley medical center,315 w hickory st,sylacauga,al,35150,talladega,2562495000,acute care hospitals,voluntary non-profit - other,no
420,10164,coosa valley medical center,315 w hickory st,sylacauga,al,35150,talladega,2562495000,acute care hospitals,voluntary non-profit - other,no
421,10164,coosa valley medical center,315 w hickory st,sylacauga,al,35150,talladega,2562495000,acute care hospitals,voluntary non-profit - other,no
422,10164,coosa valley medical center,315 w hickory st,sylacauga,al,35150,talladega,2562495000,acute care hospitals,voluntary non-profit - other,no
423,10164,coosa valley medical center,315 w hickory st,sylacauga,al,35150,talladega,2562495000,acute care hospitals,voluntary non-profit - other,no
424,10164,coosa valley medical center,315 w hickory st,sylacauga,al,35150,talladega,2562495000,acute care hospitals,voluntary non-profit - other,no
425,10164,coosa valley medical center,315 w hickory st,sylacauga,al,35150,talladega,2562495000,acute care hospitals,voluntary non-profit - other,no
426,10164,coosa valley medical center,315 w hickory st,sylacauga,al,35150,talladega,2562495000,acute care hospitals,voluntary non-profit - other,no
427,10164,coosa valley medical center,315 w hickory st,sylacauga,al,35150,talladega,2562495000,acute care hospitals,voluntary non-profit - other,no
428,10164,coosa valley medical center,315 w hickory st,sylacauga,al,35150,talladega,2562495000,acute care hospitals,voluntary non-profit - other,no
429,10164,coosa valley medical center,315 w hickory st,sylacauga,al,35150,talladega,2562495000,acute care hospitals,voluntary non-profit - other,no
430,10164,coosa valley medical center,315 w hickory st,sylacauga,al,35150,talladega,2562495000,acute care hospitals,voluntary non-profit - other,no
431,10164,coosa valley medical center,315 w hickory st,sylacauga,al,35150,talladega,2562495000,acute care hospitals,voluntary non-profit - other,no
432,10164,coosa valley medical center,315 w hickory st,sylacauga,al,35150,talladega,2562495000,acute care hospitals,voluntary non-profit - other,no
433,20017,alaska regional hospital,2801 debarr road,anchorage,ak,99508,anchorage,9072761131,acute care hospitals,proprietary,yes
434,20017,alaska regional hospital,2801 debarr road,anchorage,ak,99508,anchorage,9072761131,acute care hospitals,proprietary,yes
435,20017,alaska regional hospital,2801 debarr road,anchorage,ak,99508,anchorage,9072761131,acute care hospitals,proprietary,yes
436,20017,alaska regional hospital,2801 debarr road,anchorage,ak,99508,anchorage,9072761131,acute care hospitals,proprietary,yes
437,20017,alaska regional hospital,2801 debarr road,anchorage,ak,99508,anchorage,9072761131,acute care hospitals,proprietary,yes
438,20017,alaska regional hospital,2801 debarr road,anchorage,ak,99508,anchorage,9072761131,acute care hospitals,proprietary,yes
439,20017,alaska regional hospital,2801 debarr road,anchorage,ak,99508,anchorage,9072761131,acute care hospitals,proprietary,yes
440,20017,alaska regional hospital,2801 debarr road,anchorage,ak,99508,anchorage,9072761131,acute care hospitals,proprietary,yes
441,20017,alaska regional hospital,2801 debarr road,anchorage,ak,99508,anchorage,9072761131,acute care hospitals,proprietary,yes
442,20017,alaska regional hospital,2801 debarr road,anchorage,ak,99508,anchorage,9072761131,acute care hospitals,proprietary,yes
443,20017,alaska regional hospital,2801 debarr road,anchorage,ak,99508,anchorage,9072761131,acute care hospitals,proprietary,yes
444,20017,alaska regional hospital,2801 debarr road,anchorage,ak,99508,anchorage,9072761131,acute care hospitals,proprietary,yes
445,20017,alaska regional hospital,2801 debarr road,anchorage,ak,99508,anchorage,9072761131,acute care hospitals,proprietary,yes
446,20017,alaska regional hospital,2801 debarr road,anchorage,ak,99508,anchorage,9072761131,acute care hospitals,proprietary,yes
447,20017,alaska regional hospital,2801 debarr road,anchorage,ak,99508,anchorage,9072761131,acute care hospitals,proprietary,yes
448,20017,alaska regional hospital,2801 debarr road,anchorage,ak,99508,anchorage,9072761131,acute care hospitals,proprietary,yes
449,20017,alaska regional hospital,2801 debarr road,anchorage,ak,99508,anchorage,9072761131,acute care hospitals,proprietary,yes
450,20017,alaska regional hospital,2801 debarr road,anchorage,ak,99508,anchorage,9072761131,acute care hospitals,proprietary,yes
451,20018,yukon kuskokwim delta reg hospital,po box 287,bethel,ak,99559,bethel,9075436300,acute care hospitals,government - federal,no
452,20018,yukon kuskokwim delta reg hospital,po box 287,bethel,ak,99559,bethel,9075436300,acute care hospitals,government - federal,no
453,10019,helen keller memorial hospital,1300 south montgomery avenue,sheffield,al,35660,jefferson,2563864556,acute care hospitals,government - hospital district or authority,yes
454,10019,helen keller memorial hospital,1300 south montgomery avenue,sheffield,al,35660,jefferson,2563864556,acute care hospitals,government - hospital district or authority,yes
455,10019,helen keller memorial hospital,1300 south montgomery avenue,sheffield,al,35660,jefferson,2563864556,acute care hospitals,government - hospital district or authority,yes
456,10019,helen keller memorial hospital,1300 south montgomery avenue,sheffield,al,35660,jefferson,2563864556,acute care hospitals,government - hospital district or authority,yes
457,10019,helen keller memorial hospital,1300 south montgomery avenue,sheffield,al,35660,jefferson,2563864556,acute care hospitals,government - hospital district or authority,yes
458,10019,helen keller memorial hospital,1300 south montgomery avenue,sheffield,al,35660,jefferson,2563864556,acute care hospitals,government - hospital district or authority,yes
459,10019,helen keller memorial hospital,1300 south montgomery avenue,sheffield,al,35660,jefferson,2563864556,acute care hospitals,government - hospital district or authority,yes
460,10019,helen keller memorial hospital,1300 south montgomery avenue,sheffield,al,35660,jefferson,2563864556,acute care hospitals,government - hospital district or authority,yes
461,10019,helen keller memorial hospital,1300 south montgomery avenue,sheffield,al,35660,jefferson,2563864556,acute care hospitals,government - hospital district or authority,yes
462,10019,helen keller memorial hospital,1300 south montgomery avenue,sheffield,al,35660,jefferson,2563864556,acute care hospitals,government - hospital district or authority,yes
463,10019,helen keller memorial hospital,1300 south montgomery avenue,sheffield,al,35660,jefferson,2563864556,acute care hospitals,government - hospital district or authority,yes
464,10019,helen keller memorial hospital,1300 south montgomery avenue,sheffield,al,35660,jefferson,2563864556,acute care hospitals,government - hospital district or authority,yes
465,10019,helen keller memorial hospital,1300 south montgomery avenue,sheffield,al,35660,jefferson,2563864556,acute care hospitals,government - hospital district or authority,yes
466,10019,helen keller memorial hospital,1300 south montgomery avenue,sheffield,al,35660,jefferson,2563864556,acute care hospitals,government - hospital district or authority,yes
467,10021,dale medical center,126 hospital ave,ozark,al,36360,dale,3347742601,acute care hospitals,government - hospital district or authority,yes
468,10021,dale medical center,126 hospital ave,ozark,al,36360,dale,3347742601,acute care hospitals,government - hospital district or authority,yes
469,10021,dale medical center,126 hospital ave,ozark,al,36360,dale,3347742601,acute care hospitals,government - hospital district or authority,yes
470,10021,dale medical center,126 hospital ave,ozark,al,36360,dale,3347742601,acute care hospitals,government - hospital district or authority,yes
471,10021,dale medical center,126 hospital ave,ozark,al,36360,dale,3347742601,acute care hospitals,government - hospital district or authority,yes
472,10021,dale medical center,126 hospital ave,ozark,al,36360,dale,3347742601,acute care hospitals,government - hospital district or authority,yes
473,10021,dale medical center,126 hospital ave,ozark,al,36360,dale,3347742601,acute care hospitals,government - hospital district or authority,yes
474,10021,dale medical center,126 hospital ave,ozark,al,36360,dale,3347742601,acute care hospitals,government - hospital district or authority,yes
475,10021,dale medical center,126 hospital ave,ozark,al,36360,dale,3347742601,acute care hospitals,government - hospital district or authority,yes
476,10021,dale medical center,126 hospital ave,ozark,al,36360,dale,3347742601,acute care hospitals,government - hospital district or authority,yes
477,10021,dale medical center,126 hospital ave,ozark,al,36360,dale,3347742601,acute care hospitals,government - hospital district or authority,yes
478,10021,dale medical center,126 hospital ave,ozark,al,36360,dale,3347742601,acute care hospitals,government - hospital district or authority,yes
479,10021,dale medical center,126 hospital ave,ozark,al,36360,dale,3347742601,acute care hospitals,government - hospital district or authority,yes
480,10021,dale medical center,126 hospital ave,ozark,al,36360,dale,3347742601,acute care hospitals,government - hospital district or authority,yes
481,10021,dale medical center,126 hospital ave,ozark,al,36360,dale,3347742601,acute care hospitals,government - hospital district or authority,yes
482,10021,dale medical center,126 hospital ave,ozark,al,36360,dale,3347742601,acute care hospitals,government - hospital district or authority,yes
483,10021,dale medical center,126 hospital ave,ozark,al,36360,dale,3347742601,acute care hospitals,government - hospital district or authority,yes
484,10021,dale medical center,126 hospital ave,ozark,al,36360,dale,3347742601,acute care hospitals,government - hospital district or authority,yes
485,10021,dale medical center,126 hospital ave,ozark,al,36360,dale,3347742601,acute care hospitals,government - hospital district or authority,yes
486,10021,dale medical center,126 hospital ave,ozark,al,36360,dale,3347742601,acute care hospitals,government - hospital district or authority,yes
487,10021,dale medical center,126 hospital ave,ozark,al,36360,dale,3347742601,acute care hospitals,government - hospital district or authority,yes
488,10021,dale medical center,126 hospital ave,ozark,al,36360,dale,3347742601,acute care hospitals,government - hospital district or authority,yes
489,10021,dale medical center,126 hospital ave,ozark,al,36360,dale,3347742601,acute care hospitals,government - hospital district or authority,yes
490,10021,dale medical center,126 hospital ave,ozark,al,36360,dale,3347742601,acute care hospitals,government - hospital district or authority,yes
491,10021,dale medical center,126 hospital ave,ozark,al,36360,dale,3347742601,acute care hospitals,government - hospital district or authority,yes
492,10022,cherokee medical center,400 northwood dr,centre,al,35960,cherokee,2569275531,acute care hospitals,voluntary non-profit - private,yes
493,10022,cherokee medical center,400 northwood dr,centre,al,35960,cherokee,2569275531,acute care hospitals,voluntary non-profit - private,yes
494,10022,cherokee medical center,400 northwood dr,centre,al,35960,cherokee,2569275531,acute care hospitals,voluntary non-profit - private,yes
495,10022,cherokee medical center,400 northwood dr,centre,al,35960,cherokee,2569275531,acute care hospitals,voluntary non-profit - private,yes
496,10022,cherokee medical center,400 northwood dr,centre,al,35960,cherokee,2569275531,acute care hospitals,voluntary non-profit - private,yes
497,10022,cherokee medical center,400 northwood dr,centre,al,35960,cherokee,2569275531,acute care hospitals,voluntary non-profit - private,yes
498,10022,cherokee medical center,400 northwood dr,centre,al,35960,cherokee,2569275531,acute care hospitals,voluntary non-profit - private,yes
499,10022,cherokee medical center,400 northwood dr,centre,al,35960,cherokee,2569275531,acute care hospitals,voluntary non-profit - private,yes
500,10022,cherokee medical center,400 northwood dr,centre,al,35960,cherokee,2569275531,acute care hospitals,voluntary non-profit - private,yes
501,10022,cherokee medical center,400 northwood dr,centre,al,35960,cherokee,2569275531,acute care hospitals,voluntary non-profit - private,yes
502,10022,cherokee medical center,400 northwood dr,centre,al,35960,cherokee,2569275531,acute care hospitals,voluntary non-profit - private,yes
503,10022,cherokee medical center,400 northwood dr,centre,al,35960,cherokee,2569275531,acute care hospitals,voluntary non-profit - private,yes
504,10022,cherokee medical center,400 northwood dr,centre,al,35960,cherokee,2569275531,acute care hospitals,voluntary non-profit - private,yes
505,10022,cherokee medical center,400 northwood dr,centre,al,35960,cherokee,2569275531,acute care hospitals,voluntary non-profit - private,yes
506,10022,cherokee medical center,400 northwood dr,centre,al,35960,cherokee,2569275531,acute care hospitals,voluntary non-profit - private,yes
507,10022,cherokee medical center,400 northwood dr,centre,al,35960,cherokee,2569275531,acute care hospitals,voluntary non-profit - private,yes
508,10022,cherokee medical center,400 northwood dr,centre,al,35960,cherokee,2569275531,acute care hospitals,voluntary non-profit - private,yes
509,10022,cherokee medical center,400 northwood dr,centre,al,35960,cherokee,2569275531,acute care hospitals,voluntary non-profit - private,yes
510,10022,cherokee medical center,400 northwood dr,centre,al,35960,cherokee,2569275531,acute care hospitals,voluntary non-profit - private,yes
511,10022,cherokee medical center,400 northwood dr,centre,al,35960,cherokee,2569275531,acute care hospitals,voluntary non-profit - private,yes
512,10022,cherokee medical center,400 northwood dr,centre,al,35960,cherokee,2569275531,acute care hospitals,voluntary non-profit - private,yes
513,10022,cherokee medical center,400 northwood dr,centre,al,35960,cherokee,2569275531,acute care hospitals,voluntary non-profit - private,yes
514,10022,cherokee medical center,400 northwood dr,centre,al,35960,cherokee,2569275531,acute care hospitals,voluntary non-profit - private,yes
515,10022,cherokee medical center,400 northwood dr,centre,al,35960,cherokee,2569275531,acute care hospitals,voluntary non-profit - private,yes
516,10022,cherokee medical center,400 northwood dr,centre,al,35960,cherokee,2569275531,acute care hospitals,voluntary non-profit - private,yes
517,10023,baptist medical center south,2105 east south boulevard,montgomery,al,36116,montgomery,3342882100,acute care hospitals,voluntary non-profit - church,yes
518,10023,baptist medical center south,2105 east south boulevard,montgomery,al,36116,montgomery,3342882100,acute care hospitals,voluntary non-profit - church,yes
519,10023,baptist medical center south,2105 east south boulevard,montgomery,al,36116,montgomery,3342882100,acute care hospitals,voluntary non-profit - church,yes
520,10023,baptist medical center south,2105 east south boulevard,montgomery,al,36116,montgomery,3342882100,acute care hospitals,voluntary non-profit - church,yes
521,10023,baptist medical center south,2105 east south boulevard,montgomery,al,36116,montgomery,3342882100,acute care hospitals,voluntary non-profit - church,yes
522,10023,baptist medical center south,2105 east south boulevard,montgomery,al,36116,montgomery,3342882100,acute care hospitals,voluntary non-profit - church,yes
523,10023,baptist medical center south,2105 east south boulevard,montgomery,al,36116,montgomery,3342882100,acute care hospitals,voluntary non-profit - church,yes
524,10023,baptist medical center south,2105 east south boulevard,montgomery,al,36116,montgomery,3342882100,acute care hospitals,voluntary non-profit - church,yes
525,10023,baptist medical center south,2105 east south boulevard,montgomery,al,36116,montgomery,3342882100,acute care hospitals,voluntary non-profit - church,yes
526,10023,baptist medical center south,2105 east south boulevard,montgomery,al,36116,montgomery,3342882100,acute care hospitals,voluntary non-profit - church,yes
527,10023,baptist medical center south,2105 east south boulevard,montgomery,al,36116,montgomery,3342882100,acute care hospitals,voluntary non-profit - church,yes
528,10023,baptist medical center south,2105 east south boulevard,montgomery,al,36116,montgomery,3342882100,acute care hospitals,voluntary non-profit - church,yes
529,10023,baptist medical center south,2105 east south boulevard,montgomery,al,36116,montgomery,3342882100,acute care hospitals,voluntary non-profit - church,yes
530,10023,baptist medical center south,2105 east south boulevard,montgomery,al,36116,montgomery,3342882100,acute care hospitals,voluntary non-profit - church,yes
531,10023,baptist medical center south,2105 east south boulevard,montgomery,al,36116,montgomery,3342882100,acute care hospitals,voluntary non-profit - church,yes
532,10023,baptist medical center south,2105 east south boulevard,montgomery,al,36116,montgomery,3342882100,acute care hospitals,voluntary non-profit - church,yes
533,10023,baptist medical center south,2105 east south boulevard,montgomery,al,36116,montgomery,3342882100,acute care hospitals,voluntary non-profit - church,yes
534,10023,baptist medical center south,2105 east south boulevard,montgomery,al,36116,montgomery,3342882100,acute care hospitals,voluntary non-profit - church,yes
535,10023,baptist medical center south,2105 east south boulevard,montgomery,al,36116,montgomery,3342882100,acute care hospitals,voluntary non-profit - church,yes
536,10023,baptist medical center south,2105 east south boulevard,montgomery,al,36116,montgomery,3342882100,acute care hospitals,voluntary non-profit - church,yes
537,10023,baptist medical center south,2105 east south boulevard,montgomery,al,36116,montgomery,3342882100,acute care hospitals,voluntary non-profit - church,yes
538,10023,baptist medical center south,2105 east south boulevard,montgomery,al,36116,montgomery,3342882100,acute care hospitals,voluntary non-profit - church,yes
539,10023,baptist medical center south,2105 east south boulevard,montgomery,al,36116,montgomery,3342882100,acute care hospitals,voluntary non-profit - church,yes
540,10023,baptist medical center south,2105 east south boulevard,montgomery,al,36116,montgomery,3342882100,acute care hospitals,voluntary non-profit - church,yes
541,10023,baptist medical center south,2105 east south boulevard,montgomery,al,36116,montgomery,3342882100,acute care hospitals,voluntary non-profit - church,yes
542,10024,jackson hospital & clinic inc,1725 pine street,montgomery,al,36106,montgomery,3342938000,acute care hospitals,voluntary non-profit - private,yes
543,10024,jackson hospital & clinic inc,1725 pine street,montgomery,al,36106,montgomery,3342938000,acute care hospitals,voluntary non-profit - private,yes
544,10024,jackson hospital & clinic inc,1725 pine street,montgomery,al,36106,montgomery,3342938000,acute care hospitals,voluntary non-profit - private,yes
545,10024,jackson hospital & clinic inc,1725 pine street,montgomery,al,36106,montgomery,3342938000,acute care hospitals,voluntary non-profit - private,yes
546,10024,jackson hospital & clinic inc,1725 pine street,montgomery,al,36106,montgomery,3342938000,acute care hospitals,voluntary non-profit - private,yes
547,10024,jackson hospital & clinic inc,1725 pine street,montgomery,al,36106,montgomery,3342938000,acute care hospitals,voluntary non-profit - private,yes
548,10024,jackson hospital & clinic inc,1725 pine street,montgomery,al,36106,montgomery,3342938000,acute care hospitals,voluntary non-profit - private,yes
549,10024,jackson hospital & clinic inc,1725 pine street,montgomery,al,36106,montgomery,3342938000,acute care hospitals,voluntary non-profit - private,yes
550,10024,jackson hospital & clinic inc,1725 pine street,montgomery,al,36106,montgomery,3342938000,acute care hospitals,voluntary non-profit - private,yes
551,10024,jackson hospital & clinic inc,1725 pine street,montgomery,al,36106,montgomery,3342938000,acute care hospitals,voluntary non-profit - private,yes
552,10024,jackson hospital & clinic inc,1725 pine street,montgomery,al,36106,montgomery,3342938000,acute care hospitals,voluntary non-profit - private,yes
553,10024,jackson hospital & clinic inc,1725 pine street,montgomery,al,36106,montgomery,3342938000,acute care hospitals,voluntary non-profit - private,yes
554,10024,jackson hospital & clinic inc,1725 pine street,montgomery,al,36106,montgomery,3342938000,acute care hospitals,voluntary non-profit - private,yes
555,10024,jackson hospital & clinic inc,1725 pine street,montgomery,al,36106,montgomery,3342938000,acute care hospitals,voluntary non-profit - private,yes
556,10024,jackson hospital & clinic inc,1725 pine street,montgomery,al,36106,montgomery,3342938000,acute care hospitals,voluntary non-profit - private,yes
557,10024,jackson hospital & clinic inc,1725 pine street,montgomery,al,36106,montgomery,3342938000,acute care hospitals,voluntary non-profit - private,yes
558,10024,jackson hospital & clinic inc,1725 pine street,montgomery,al,36106,montgomery,3342938000,acute care hospitals,voluntary non-profit - private,yes
559,10024,jackson hospital & clinic inc,1725 pine street,montgomery,al,36106,montgomery,3342938000,acute care hospitals,voluntary non-profit - private,yes
560,10024,jackson hospital & clinic inc,1725 pine street,montgomery,al,36106,montgomery,3342938000,acute care hospitals,voluntary non-profit - private,yes
561,10024,jackson hospital & clinic inc,1725 pine street,montgomery,al,36106,montgomery,3342938000,acute care hospitals,voluntary non-profit - private,yes
562,10024,jackson hospital & clinic inc,1725 pine street,montgomery,al,36106,montgomery,3342938000,acute care hospitals,voluntary non-profit - private,yes
563,10024,jackson hospital & clinic inc,1725 pine street,montgomery,al,36106,montgomery,3342938000,acute care hospitals,voluntary non-profit - private,yes
564,10024,jackson hospital & clinic inc,1725 pine street,montgomery,al,36106,montgomery,3342938000,acute care hospitals,voluntary non-profit - private,yes
565,10024,jackson hospital & clinic inc,1725 pine street,montgomery,al,36106,montgomery,3342938000,acute care hospitals,voluntary non-profit - private,yes
566,10024,jackson hospital & clinic inc,1725 pine street,montgomery,al,36106,montgomery,3342938000,acute care hospitals,voluntary non-profit - private,yes
567,10025,g h lanier memorial hospital,4800 48th st,valley,al,36854,chambers,3347561400,acute care hospitals,voluntary non-profit - other,yes
568,10025,g h lanier memorial hospital,4800 48th st,valley,al,36854,chambers,3347561400,acute care hospitals,voluntary non-profit - other,yes
569,10025,g h lanier memorial hospital,4800 48th st,valley,al,36854,chambers,3347561400,acute care hospitals,voluntary non-profit - other,yes
570,10025,g h lanier memorial hospital,4800 48th st,valley,al,36854,chambers,3347561400,acute care hospitals,voluntary non-profit - other,yes
571,10025,g h lanier memorial hospital,4800 48th st,valley,al,36854,chambers,3347561400,acute care hospitals,voluntary non-profit - other,yes
572,10025,g h lanier memorial hospital,4800 48th st,valley,al,36854,chambers,3347561400,acute care hospitals,voluntary non-profit - other,yes
573,10025,g h lanier memorial hospital,4800 48th st,valley,al,36854,chambers,3347561400,acute care hospitals,voluntary non-profit - other,yes
574,10025,g h lanier memorial hospital,4800 48th st,valley,al,36854,chambers,3347561400,acute care hospitals,voluntary non-profit - other,yes
575,10025,g h lanier memorial hospital,4800 48th st,valley,al,36854,chambers,3347561400,acute care hospitals,voluntary non-profit - other,yes
576,10025,g h lanier memorial hospital,4800 48th st,valley,al,36854,chambers,3347561400,acute care hospitals,voluntary non-profit - other,yes
577,10025,g h lanier memorial hospital,4800 48th st,valley,al,36854,chambers,3347561400,acute care hospitals,voluntary non-profit - other,yes
578,10025,g h lanier memorial hospital,4800 48th st,valley,al,36854,chambers,3347561400,acute care hospitals,voluntary non-profit - other,yes
579,10025,g h lanier memorial hospital,4800 48th st,valley,al,36854,chambers,3347561400,acute care hospitals,voluntary non-profit - other,yes
580,10025,g h lanier memorial hospital,4800 48th st,valley,al,36854,chambers,3347561400,acute care hospitals,voluntary non-profit - other,yes
581,10025,g h lanier memorial hospital,4800 48th st,valley,al,36854,chambers,3347561400,acute care hospitals,voluntary non-profit - other,yes
582,10025,g h lanier memorial hospital,4800 48th st,valley,al,36854,chambers,3347561400,acute care hospitals,voluntary non-profit - other,yes
583,10025,g h lanier memorial hospital,4800 48th st,valley,al,36854,chambers,3347561400,acute care hospitals,voluntary non-profit - other,yes
584,10025,g h lanier memorial hospital,4800 48th st,valley,al,36854,chambers,3347561400,acute care hospitals,voluntary non-profit - other,yes
585,10025,g h lanier memorial hospital,4800 48th st,valley,al,36854,chambers,3347561400,acute care hospitals,voluntary non-profit - other,yes
586,10025,g h lanier memorial hospital,4800 48th st,valley,al,36854,chambers,3347561400,acute care hospitals,voluntary non-profit - other,yes
587,10025,g h lanier memorial hospital,4800 48th st,valley,al,36854,chambers,3347561400,acute care hospitals,voluntary non-profit - other,yes
588,10025,g h lanier memorial hospital,4800 48th st,valley,al,36854,chambers,3347561400,acute care hospitals,voluntary non-profit - other,yes
589,10025,g h lanier memorial hospital,4800 48th st,valley,al,36854,chambers,3347561400,acute care hospitals,voluntary non-profit - other,yes
590,10025,g h lanier memorial hospital,4800 48th st,valley,al,36854,chambers,3347561400,acute care hospitals,voluntary non-profit - other,yes
591,10025,g h lanier memorial hospital,4800 48th st,valley,al,36854,chambers,3347561400,acute care hospitals,voluntary non-profit - other,yes
592,10027,elba general hospital,987 drayton street,elba,al,36323,coffee,3348972257,acute care hospitals,voluntary non-profit - other,yes
593,10027,elba general hospital,987 drayton street,elba,al,36323,coffee,3348972257,acute care hospitals,voluntary non-profit - other,yes
594,10027,elba general hospital,987 drayton street,elba,al,36323,coffee,3348972257,acute care hospitals,voluntary non-profit - other,yes
595,10027,elba general hospital,987 drayton street,elba,al,36323,coffee,3348972257,acute care hospitals,voluntary non-profit - other,yes
596,10027,elba general hospital,987 drayton street,elba,al,36323,coffee,3348972257,acute care hospitals,voluntary non-profit - other,yes
597,10027,elba general hospital,987 drayton street,elba,al,36323,coffee,3348972257,acute care hospitals,voluntary non-profit - other,yes
598,10027,elba general hospital,987 drayton street,elba,al,36323,coffee,3348972257,acute care hospitals,voluntary non-profit - other,yes
599,10027,elba general hospital,987 drayton street,elba,al,36323,coffee,3348972257,acute care hospitals,voluntary non-profit - other,yes
600,10027,elba general hospital,987 drayton street,elba,al,36323,coffee,3348972257,acute care hospitals,voluntary non-profit - other,yes
601,10027,elba general hospital,987 drayton street,elba,al,36323,coffee,3348972257,acute care hospitals,voluntary non-profit - other,yes
602,10027,elba general hospital,987 drayton street,elba,al,36323,coffee,3348972257,acute care hospitals,voluntary non-profit - other,yes
603,10027,elba general hospital,987 drayton street,elba,al,36323,coffee,3348972257,acute care hospitals,voluntary non-profit - other,yes
604,10027,elba general hospital,987 drayton street,elba,al,36323,coffee,3348972257,acute care hospitals,voluntary non-profit - other,yes
605,10027,elba general hospital,987 drayton street,elba,al,36323,coffee,3348972257,acute care hospitals,voluntary non-profit - other,yes
606,10027,elba general hospital,987 drayton street,elba,al,36323,coffee,3348972257,acute care hospitals,voluntary non-profit - other,yes
607,10027,elba general hospital,987 drayton street,elba,al,36323,coffee,3348972257,acute care hospitals,voluntary non-profit - other,yes
608,10027,elba general hospital,987 drayton street,elba,al,36323,coffee,3348972257,acute care hospitals,voluntary non-profit - other,yes
609,10027,elba general hospital,987 drayton street,elba,al,36323,coffee,3348972257,acute care hospitals,voluntary non-profit - other,yes
610,10027,elba general hospital,987 drayton street,elba,al,36323,coffee,3348972257,acute care hospitals,voluntary non-profit - other,yes
611,10027,elba general hospital,987 drayton street,elba,al,36323,coffee,3348972257,acute care hospitals,voluntary non-profit - other,yes
612,10027,elba general hospital,987 drayton street,elba,al,36323,coffee,3348972257,acute care hospitals,voluntary non-profit - other,yes
613,10027,elba general hospital,987 drayton street,elba,al,36323,coffee,3348972257,acute care hospitals,voluntary non-profit - other,yes
614,10027,elba general hospital,987 drayton street,elba,al,36323,coffee,3348972257,acute care hospitals,voluntary non-profit - other,yes
615,10027,elba general hospital,987 drayton street,elba,al,36323,coffee,3348972257,acute care hospitals,voluntary non-profit - other,yes
616,10027,elba general hospital,987 drayton street,elba,al,36323,coffee,3348972257,acute care hospitals,voluntary non-profit - other,yes
617,10029,east alabama medical center and snf,2000 pepperell parkway,opelika,al,36801,lee,3347493411,acute care hospitals,government - hospital district or authority,yes
618,10029,east alabama medical center and snf,2000 pepperell parkway,opelika,al,36801,lee,3347493411,acute care hospitals,government - hospital district or authority,yes
619,10029,east alabama medical center and snf,2000 pepperell parkway,opelika,al,36801,lee,3347493411,acute care hospitals,government - hospital district or authority,yes
620,10029,east alabama medical center and snf,2000 pepperell parkway,opelika,al,36801,lee,3347493411,acute care hospitals,government - hospital district or authority,yes
621,10029,east alabama medical center and snf,2000 pepperell parkway,opelika,al,36801,lee,3347493411,acute care hospitals,government - hospital district or authority,yes
622,10029,east alabama medical center and snf,2000 pepperell parkway,opelika,al,36801,lee,3347493411,acute care hospitals,government - hospital district or authority,yes
623,10029,east alabama medical center and snf,2000 pepperell parkway,opelika,al,36801,lee,3347493411,acute care hospitals,government - hospital district or authority,yes
624,10029,east alabama medical center and snf,2000 pepperell parkway,opelika,al,36801,lee,3347493411,acute care hospitals,government - hospital district or authority,yes
625,10029,east alabama medical center and snf,2000 pepperell parkway,opelika,al,36801,lee,3347493411,acute care hospitals,government - hospital district or authority,yes
626,10029,east alabama medical center and snf,2000 pepperell parkway,opelika,al,36801,lee,3347493411,acute care hospitals,government - hospital district or authority,yes
627,10029,east alabama medical center and snf,2000 pepperell parkway,opelika,al,36801,lee,3347493411,acute care hospitals,government - hospital district or authority,yes
628,10029,east alabama medical center and snf,2000 pepperell parkway,opelika,al,36801,lee,3347493411,acute care hospitals,government - hospital district or authority,yes
629,10029,east alabama medical center and snf,2000 pepperell parkway,opelika,al,36801,lee,3347493411,acute care hospitals,government - hospital district or authority,yes
630,10029,east alabama medical center and snf,2000 pepperell parkway,opelika,al,36801,lee,3347493411,acute care hospitals,government - hospital district or authority,yes
631,10029,east alabama medical center and snf,2000 pepperell parkway,opelika,al,36801,lee,3347493411,acute care hospitals,government - hospital district or authority,yes
632,10029,east alabama medical center and snf,2000 pepperell parkway,opelika,al,36801,lee,3347493411,acute care hospitals,government - hospital district or authority,yes
633,10029,east alabama medical center and snf,2000 pepperell parkway,opelika,al,36801,lee,3347493411,acute care hospitals,government - hospital district or authority,yes
634,10029,east alabama medical center and snf,2000 pepperell parkway,opelika,al,36801,lee,3347493411,acute care hospitals,government - hospital district or authority,yes
635,10029,east alabama medical center and snf,2000 pepperell parkway,opelika,al,36801,lee,3347493411,acute care hospitals,government - hospital district or authority,yes
636,10029,east alabama medical center and snf,2000 pepperell parkway,opelika,al,36801,lee,3347493411,acute care hospitals,government - hospital district or authority,yes
637,10029,east alabama medical center and snf,2000 pepperell parkway,opelika,al,36801,lee,3347493411,acute care hospitals,government - hospital district or authority,yes
638,10029,east alabama medical center and snf,2000 pepperell parkway,opelika,al,36801,lee,3347493411,acute care hospitals,government - hospital district or authority,yes
639,10029,east alabama medical center and snf,2000 pepperell parkway,opelika,al,36801,lee,3347493411,acute care hospitals,government - hospital district or authority,yes
640,10029,east alabama medical center and snf,2000 pepperell parkway,opelika,al,36801,lee,3347493411,acute care hospitals,government - hospital district or authority,yes
641,10029,east alabama medical center and snf,2000 pepperell parkway,opelika,al,36801,lee,3347493411,acute care hospitals,government - hospital district or authority,yes
642,10032,wedowee hospital,209 north main street,wedowee,al,36278,randolph,2563572111,acute care hospitals,government - local,no
643,10032,wedowee hospital,209 north main street,wedowee,al,36278,randolph,2563572111,acute care hospitals,government - local,no
644,10032,wedowee hospital,209 north main street,wedowee,al,36278,randolph,2563572111,acute care hospitals,government - local,no
645,10032,wedowee hospital,209 north main street,wedowee,al,36278,randolph,2563572111,acute care hospitals,government - local,no
646,10032,wedowee hospital,209 north main street,wedowee,al,36278,randolph,2563572111,acute care hospitals,government - local,no
647,10032,wedowee hospital,209 north main street,wedowee,al,36278,randolph,2563572111,acute care hospitals,government - local,no
648,10032,wedowee hospital,209 north main street,wedowee,al,36278,randolph,2563572111,acute care hospitals,government - local,no
649,10032,wedowee hospital,209 north main street,wedowee,al,36278,randolph,2563572111,acute care hospitals,government - local,no
650,10032,wedowee hospital,209 north main street,wedowee,al,36278,randolph,2563572111,acute care hospitals,government - local,no
651,10032,wedowee hospital,209 north main street,wedowee,al,36278,randolph,2563572111,acute care hospitals,government - local,no
652,10032,wedowee hospital,209 north main street,wedowee,al,36278,randolph,2563572111,acute care hospitals,government - local,no
653,10032,wedowee hospital,209 north main street,wedowee,al,36278,randolph,2563572111,acute care hospitals,government - local,no
654,10032,wedowee hospital,209 north main street,wedowee,al,36278,randolph,2563572111,acute care hospitals,government - local,no
655,10032,wedowee hospital,209 north main street,wedowee,al,36278,randolph,2563572111,acute care hospitals,government - local,no
656,10032,wedowee hospital,209 north main street,wedowee,al,36278,randolph,2563572111,acute care hospitals,government - local,no
657,10032,wedowee hospital,209 north main street,wedowee,al,36278,randolph,2563572111,acute care hospitals,government - local,no
658,10032,wedowee hospital,209 north main street,wedowee,al,36278,randolph,2563572111,acute care hospitals,government - local,no
659,10032,wedowee hospital,209 north main street,wedowee,al,36278,randolph,2563572111,acute care hospitals,government - local,no
660,10032,wedowee hospital,209 north main street,wedowee,al,36278,randolph,2563572111,acute care hospitals,government - local,no
661,10032,wedowee hospital,209 north main street,wedowee,al,36278,randolph,2563572111,acute care hospitals,government - local,no
662,10032,wedowee hospital,209 north main street,wedowee,al,36278,randolph,2563572111,acute care hospitals,government - local,no
663,10032,wedowee hospital,209 north main street,wedowee,al,36278,randolph,2563572111,acute care hospitals,government - local,no
664,10032,wedowee hospital,209 north main street,wedowee,al,36278,randolph,2563572111,acute care hospitals,government - local,no
665,10032,wedowee hospital,209 north main street,wedowee,al,36278,randolph,2563572111,acute care hospitals,government - local,no
666,10032,wedowee hospital,209 north main street,wedowee,al,36278,randolph,2563572111,acute care hospitals,government - local,no
667,10033,university of alabama hospital,619 south 19th street,birmingham,al,35233,jefferson,2059344011,acute care hospitals,government - state,yes
668,10033,university of alabama hospital,619 south 19th street,birmingham,al,35233,jefferson,2059344011,acute care hospitals,government - state,yes
669,10033,university of alabama hospital,619 south 19th street,birmingham,al,35233,jefferson,2059344011,acute care hospitals,government - state,yes
670,10033,university of alabama hospital,619 south 19th street,birmingham,al,35233,jefferson,2059344011,acute care hospitals,government - state,yes
671,10033,university of alabama hospital,619 south 19th street,birmingham,al,35233,jefferson,2059344011,acute care hospitals,government - state,yes
672,10033,university of alabama hospital,619 south 19th street,birmingham,al,35233,jefferson,2059344011,acute care hospitals,government - state,yes
673,10033,university of alabama hospital,619 south 19th street,birmingham,al,35233,jefferson,2059344011,acute care hospitals,government - state,yes
674,10033,university of alabama hospital,619 south 19th street,birmingham,al,35233,jefferson,2059344011,acute care hospitals,government - state,yes
675,10033,university of alabama hospital,619 south 19th street,birmingham,al,35233,jefferson,2059344011,acute care hospitals,government - state,yes
676,10033,university of alabama hospital,619 south 19th street,birmingham,al,35233,jefferson,2059344011,acute care hospitals,government - state,yes
677,10033,university of alabama hospital,619 south 19th street,birmingham,al,35233,jefferson,2059344011,acute care hospitals,government - state,yes
678,10033,university of alabama hospital,619 south 19th street,birmingham,al,35233,jefferson,2059344011,acute care hospitals,government - state,yes
679,10033,university of alabama hospital,619 south 19th street,birmingham,al,35233,jefferson,2059344011,acute care hospitals,government - state,yes
680,10033,university of alabama hospital,619 south 19th street,birmingham,al,35233,jefferson,2059344011,acute care hospitals,government - state,yes
681,10033,university of alabama hospital,619 south 19th street,birmingham,al,35233,jefferson,2059344011,acute care hospitals,government - state,yes
682,10033,university of alabama hospital,619 south 19th street,birmingham,al,35233,jefferson,2059344011,acute care hospitals,government - state,yes
683,10033,university of alabama hospital,619 south 19th street,birmingham,al,35233,jefferson,2059344011,acute care hospitals,government - state,yes
684,10033,university of alabama hospital,619 south 19th street,birmingham,al,35233,jefferson,2059344011,acute care hospitals,government - state,yes
685,10033,university of alabama hospital,619 south 19th street,birmingham,al,35233,jefferson,2059344011,acute care hospitals,government - state,yes
686,10033,university of alabama hospital,619 south 19th street,birmingham,al,35233,jefferson,2059344011,acute care hospitals,government - state,yes
687,10033,university of alabama hospital,619 south 19th street,birmingham,al,35233,jefferson,2059344011,acute care hospitals,government - state,yes
688,10033,university of alabama hospital,619 south 19th street,birmingham,al,35233,jefferson,2059344011,acute care hospitals,government - state,yes
689,10033,university of alabama hospital,619 south 19th street,birmingham,al,35233,jefferson,2059344011,acute care hospitals,government - state,yes
690,10033,university of alabama hospital,619 south 19th street,birmingham,al,35233,jefferson,2059344011,acute care hospitals,government - state,yes
691,10033,university of alabama hospital,619 south 19th street,birmingham,al,35233,jefferson,2059344011,acute care hospitals,government - state,yes
692,10034,community hospital inc,805 friendship road,tallassee,al,36078,elmore,3342836541,acute care hospitals,voluntary non-profit - private,no
693,10034,community hospital inc,805 friendship road,tallassee,al,36078,elmore,3342836541,acute care hospitals,voluntary non-profit - private,no
694,10034,community hospital inc,805 friendship road,tallassee,al,36078,elmore,3342836541,acute care hospitals,voluntary non-profit - private,no
695,10034,community hospital inc,805 friendship road,tallassee,al,36078,elmore,3342836541,acute care hospitals,voluntary non-profit - private,no
696,10034,community hospital inc,805 friendship road,tallassee,al,36078,elmore,3342836541,acute care hospitals,voluntary non-profit - private,no
697,10034,community hospital inc,805 friendship road,tallassee,al,36078,elmore,3342836541,acute care hospitals,voluntary non-profit - private,no
698,10034,community hospital inc,805 friendship road,tallassee,al,36078,elmore,3342836541,acute care hospitals,voluntary non-profit - private,no
699,10034,community hospital inc,805 friendship road,tallassee,al,36078,elmore,3342836541,acute care hospitals,voluntary non-profit - private,no
700,10034,community hospital inc,805 friendship road,tallassee,al,36078,elmore,3342836541,acute care hospitals,voluntary non-profit - private,no
701,10034,community hospital inc,805 friendship road,tallassee,al,36078,elmore,3342836541,acute care hospitals,voluntary non-profit - private,no
702,10034,community hospital inc,805 friendship road,tallassee,al,36078,elmore,3342836541,acute care hospitals,voluntary non-profit - private,no
703,10034,community hospital inc,805 friendship road,tallassee,al,36078,elmore,3342836541,acute care hospitals,voluntary non-profit - private,no
704,10034,community hospital inc,805 friendship road,tallassee,al,36078,elmore,3342836541,acute care hospitals,voluntary non-profit - private,no
705,10034,community hospital inc,805 friendship road,tallassee,al,36078,elmore,3342836541,acute care hospitals,voluntary non-profit - private,no
706,10034,community hospital inc,805 friendship road,tallassee,al,36078,elmore,3342836541,acute care hospitals,voluntary non-profit - private,no
707,10034,community hospital inc,805 friendship road,tallassee,al,36078,elmore,3342836541,acute care hospitals,voluntary non-profit - private,no
708,10034,community hospital inc,805 friendship road,tallassee,al,36078,elmore,3342836541,acute care hospitals,voluntary non-profit - private,no
709,10034,community hospital inc,805 friendship road,tallassee,al,36078,elmore,3342836541,acute care hospitals,voluntary non-profit - private,no
710,10034,community hospital inc,805 friendship road,tallassee,al,36078,elmore,3342836541,acute care hospitals,voluntary non-profit - private,no
711,10034,community hospital inc,805 friendship road,tallassee,al,36078,elmore,3342836541,acute care hospitals,voluntary non-profit - private,no
712,10034,community hospital inc,805 friendship road,tallassee,al,36078,elmore,3342836541,acute care hospitals,voluntary non-profit - private,no
713,10034,community hospital inc,805 friendship road,tallassee,al,36078,elmore,3342836541,acute care hospitals,voluntary non-profit - private,no
714,10034,community hospital inc,805 friendship road,tallassee,al,36078,elmore,3342836541,acute care hospitals,voluntary non-profit - private,no
715,10034,community hospital inc,805 friendship road,tallassee,al,36078,elmore,3342836541,acute care hospitals,voluntary non-profit - private,no
716,10034,community hospital inc,805 friendship road,tallassee,al,36078,elmore,3342836541,acute care hospitals,voluntary non-profit - private,no
717,10035,cullman regional medical center,1912 alabama highway 157,cullman,al,35058,cullman,2567372000,acute care hospitals,government - hospital district or authority,yes
718,10035,cullman regional medical center,1912 alabama highway 157,cullman,al,35058,cullman,2567372000,acute care hospitals,government - hospital district or authority,yes
719,10035,cullman regional medical center,1912 alabama highway 157,cullman,al,35058,cullman,2567372000,acute care hospitals,government - hospital district or authority,yes
720,10035,cullman regional medical center,1912 alabama highway 157,cullman,al,35058,cullman,2567372000,acute care hospitals,government - hospital district or authority,yes
721,10035,cullman regional medical center,1912 alabama highway 157,cullman,al,35058,cullman,2567372000,acute care hospitals,government - hospital district or authority,yes
722,10035,cullman regional medical center,1912 alabama highway 157,cullman,al,35058,cullman,2567372000,acute care hospitals,government - hospital district or authority,yes
723,10035,cullman regional medical center,1912 alabama highway 157,cullman,al,35058,cullman,2567372000,acute care hospitals,government - hospital district or authority,yes
724,10035,cullman regional medical center,1912 alabama highway 157,cullman,al,35058,cullman,2567372000,acute care hospitals,government - hospital district or authority,yes
725,10035,cullman regional medical center,1912 alabama highway 157,cullman,al,35058,cullman,2567372000,acute care hospitals,government - hospital district or authority,yes
726,10035,cullman regional medical center,1912 alabama highway 157,cullman,al,35058,cullman,2567372000,acute care hospitals,government - hospital district or authority,yes
727,10035,cullman regional medical center,1912 alabama highway 157,cullman,al,35058,cullman,2567372000,acute care hospitals,government - hospital district or authority,yes
728,10035,cullman regional medical center,1912 alabama highway 157,cullman,al,35058,cullman,2567372000,acute care hospitals,government - hospital district or authority,yes
729,10035,cullman regional medical center,1912 alabama highway 157,cullman,al,35058,cullman,2567372000,acute care hospitals,government - hospital district or authority,yes
730,10035,cullman regional medical center,1912 alabama highway 157,cullman,al,35058,cullman,2567372000,acute care hospitals,government - hospital district or authority,yes
731,10035,cullman regional medical center,1912 alabama highway 157,cullman,al,35058,cullman,2567372000,acute care hospitals,government - hospital district or authority,yes
732,10035,cullman regional medical center,1912 alabama highway 157,cullman,al,35058,cullman,2567372000,acute care hospitals,government - hospital district or authority,yes
733,10035,cullman regional medical center,1912 alabama highway 157,cullman,al,35058,cullman,2567372000,acute care hospitals,government - hospital district or authority,yes
734,10035,cullman regional medical center,1912 alabama highway 157,cullman,al,35058,cullman,2567372000,acute care hospitals,government - hospital district or authority,yes
735,10035,cullman regional medical center,1912 alabama highway 157,cullman,al,35058,cullman,2567372000,acute care hospitals,government - hospital district or authority,yes
736,10035,cullman regional medical center,1912 alabama highway 157,cullman,al,35058,cullman,2567372000,acute care hospitals,government - hospital district or authority,yes
737,10035,cullman regional medical center,1912 alabama highway 157,cullman,al,35058,cullman,2567372000,acute care hospitals,government - hospital district or authority,yes
738,10035,cullman regional medical center,1912 alabama highway 157,cullman,al,35058,cullman,2567372000,acute care hospitals,government - hospital district or authority,yes
739,10035,cullman regional medical center,1912 alabama highway 157,cullman,al,35058,cullman,2567372000,acute care hospitals,government - hospital district or authority,yes
740,10035,cullman regional medical center,1912 alabama highway 157,cullman,al,35058,cullman,2567372000,acute care hospitals,government - hospital district or authority,yes
741,10035,cullman regional medical center,1912 alabama highway 157,cullman,al,35058,cullman,2567372000,acute care hospitals,government - hospital district or authority,yes
742,10036,andalusia regional hospital,849 south three notch street,andalusia,al,36420,covington,3342228466,acute care hospitals,proprietary,no
743,10036,andalusia regional hospital,849 south three notch street,andalusia,al,36420,covington,3342228466,acute care hospitals,proprietary,no
744,10036,andalusia regional hospital,849 south three notch street,andalusia,al,36420,covington,3342228466,acute care hospitals,proprietary,no
745,10036,andalusia regional hospital,849 south three notch street,andalusia,al,36420,covington,3342228466,acute care hospitals,proprietary,no
746,10036,andalusia regional hospital,849 south three notch street,andalusia,al,36420,covington,3342228466,acute care hospitals,proprietary,no
747,10036,andalusia regional hospital,849 south three notch street,andalusia,al,36420,covington,3342228466,acute care hospitals,proprietary,no
748,10036,andalusia regional hospital,849 south three notch street,andalusia,al,36420,covington,3342228466,acute care hospitals,proprietary,no
749,10036,andalusia regional hospital,849 south three notch street,andalusia,al,36420,covington,3342228466,acute care hospitals,proprietary,no
750,10036,andalusia regional hospital,849 south three notch street,andalusia,al,36420,covington,3342228466,acute care hospitals,proprietary,no
751,10036,andalusia regional hospital,849 south three notch street,andalusia,al,36420,covington,3342228466,acute care hospitals,proprietary,no
752,10036,andalusia regional hospital,849 south three notch street,andalusia,al,36420,covington,3342228466,acute care hospitals,proprietary,no
753,10036,andalusia regional hospital,849 south three notch street,andalusia,al,36420,covington,3342228466,acute care hospitals,proprietary,no
754,10036,andalusia regional hospital,849 south three notch street,andalusia,al,36420,covington,3342228466,acute care hospitals,proprietary,no
755,10036,andalusia regional hospital,849 south three notch street,andalusia,al,36420,covington,3342228466,acute care hospitals,proprietary,no
756,10036,andalusia regional hospital,849 south three notch street,andalusia,al,36420,covington,3342228466,acute care hospitals,proprietary,no
757,10036,andalusia regional hospital,849 south three notch street,andalusia,al,36420,covington,3342228466,acute care hospitals,proprietary,no
758,10036,andalusia regional hospital,849 south three notch street,andalusia,al,36420,covington,3342228466,acute care hospitals,proprietary,no
759,10036,andalusia regional hospital,849 south three notch street,andalusia,al,36420,covington,3342228466,acute care hospitals,proprietary,no
760,10036,andalusia regional hospital,849 south three notch street,andalusia,al,36420,covington,3342228466,acute care hospitals,proprietary,no
761,10036,andalusia regional hospital,849 south three notch street,andalusia,al,36420,covington,3342228466,acute care hospitals,proprietary,no
762,10036,andalusia regional hospital,849 south three notch street,andalusia,al,36420,covington,3342228466,acute care hospitals,proprietary,no
763,10036,andalusia regional hospital,849 south three notch street,andalusia,al,36420,covington,3342228466,acute care hospitals,proprietary,no
764,10036,andalusia regional hospital,849 south three notch street,andalusia,al,36420,covington,3342228466,acute care hospitals,proprietary,no
765,10036,andalusia regional hospital,849 south three notch street,andalusia,al,36420,covington,3342228466,acute care hospitals,proprietary,no
766,10036,andalusia regional hospital,849 south three notch street,andalusia,al,36420,covington,3342228466,acute care hospitals,proprietary,no
767,10038,stringfellow memorial hospital,301 east 18th st,anniston,al,36201,calhoun,2562358900,acute care hospitals,proprietary,yes
768,10038,stringfellow memorial hospital,301 east 18th st,anniston,al,36201,calhoun,2562358900,acute care hospitals,proprietary,yes
769,10038,stringfellow memorial hospital,301 east 18th st,anniston,al,36201,calhoun,2562358900,acute care hospitals,proprietary,yes
770,10038,stringfellow memorial hospital,301 east 18th st,anniston,al,36201,calhoun,2562358900,acute care hospitals,proprietary,yes
771,10038,stringfellow memorial hospital,301 east 18th st,anniston,al,36201,calhoun,2562358900,acute care hospitals,proprietary,yes
772,10038,stringfellow memorial hospital,301 east 18th st,anniston,al,36201,calhoun,2562358900,acute care hospitals,proprietary,yes
773,10038,stringfellow memorial hospital,301 east 18th st,anniston,al,36201,calhoun,2562358900,acute care hospitals,proprietary,yes
774,10038,stringfellow memorial hospital,301 east 18th st,anniston,al,36201,calhoun,2562358900,acute care hospitals,proprietary,yes
775,10039,huntsville hospital,101 sivley rd,huntsville,al,35801,madison,2562651000,acute care hospitals,government - hospital district or authority,yes
776,10039,huntsville hospital,101 sivley rd,huntsville,al,35801,madison,2562651000,acute care hospitals,government - hospital district or authority,yes
777,10039,huntsville hospital,101 sivley rd,huntsville,al,35801,madison,2562651000,acute care hospitals,government - hospital district or authority,yes
778,10039,huntsville hospital,101 sivley rd,huntsville,al,35801,madison,2562651000,acute care hospitals,government - hospital district or authority,yes
779,10039,huntsville hospital,101 sivley rd,huntsville,al,35801,madison,2562651000,acute care hospitals,government - hospital district or authority,yes
780,10039,huntsville hospital,101 sivley rd,huntsville,al,35801,madison,2562651000,acute care hospitals,government - hospital district or authority,yes
781,10039,huntsville hospital,101 sivley rd,huntsville,al,35801,madison,2562651000,acute care hospitals,government - hospital district or authority,yes
782,10039,huntsville hospital,101 sivley rd,huntsville,al,35801,madison,2562651000,acute care hospitals,government - hospital district or authority,yes
783,10039,huntsville hospital,101 sivley rd,huntsville,al,35801,madison,2562651000,acute care hospitals,government - hospital district or authority,yes
784,10039,huntsville hospital,101 sivley rd,huntsville,al,35801,madison,2562651000,acute care hospitals,government - hospital district or authority,yes
785,10039,huntsville hospital,101 sivley rd,huntsville,al,35801,madison,2562651000,acute care hospitals,government - hospital district or authority,yes
786,10039,huntsville hospital,101 sivley rd,huntsville,al,35801,madison,2562651000,acute care hospitals,government - hospital district or authority,yes
787,10039,huntsville hospital,101 sivley rd,huntsville,al,35801,madison,2562651000,acute care hospitals,government - hospital district or authority,yes
788,10039,huntsville hospital,101 sivley rd,huntsville,al,35801,madison,2562651000,acute care hospitals,government - hospital district or authority,yes
789,10039,huntsville hospital,101 sivley rd,huntsville,al,35801,madison,2562651000,acute care hospitals,government - hospital district or authority,yes
790,10039,huntsville hospital,101 sivley rd,huntsville,al,35801,madison,2562651000,acute care hospitals,government - hospital district or authority,yes
791,10039,huntsville hospital,101 sivley rd,huntsville,al,35801,madison,2562651000,acute care hospitals,government - hospital district or authority,yes
792,10039,huntsville hospital,101 sivley rd,huntsville,al,35801,madison,2562651000,acute care hospitals,government - hospital district or authority,yes
793,10039,huntsville hospital,101 sivley rd,huntsville,al,35801,madison,2562651000,acute care hospitals,government - hospital district or authority,yes
794,10039,huntsville hospital,101 sivley rd,huntsville,al,35801,madison,2562651000,acute care hospitals,government - hospital district or authority,yes
795,10039,huntsville hospital,101 sivley rd,huntsville,al,35801,madison,2562651000,acute care hospitals,government - hospital district or authority,yes
796,10039,huntsville hospital,101 sivley rd,huntsville,al,35801,madison,2562651000,acute care hospitals,government - hospital district or authority,yes
797,10039,huntsville hospital,101 sivley rd,huntsville,al,35801,madison,2562651000,acute care hospitals,government - hospital district or authority,yes
798,10039,huntsville hospital,101 sivley rd,huntsville,al,35801,madison,2562651000,acute care hospitals,government - hospital district or authority,yes
799,10039,huntsville hospital,101 sivley rd,huntsville,al,35801,madison,2562651000,acute care hospitals,government - hospital district or authority,yes
800,10039,huntsville hospital,101 sivley rd,huntsville,al,35801,madison,2562651000,acute care hospitals,government - hospital district or authority,yes
801,10039,huntsville hospital,101 sivley rd,huntsville,al,35801,madison,2562651000,acute care hospitals,government - hospital district or authority,yes
802,10039,huntsville hospital,101 sivley rd,huntsville,al,35801,madison,2562651000,acute care hospitals,government - hospital district or authority,yes
803,10040,gadsden regional medical center,1007 goodyear avenue,gadsden,al,35903,etowah,2564944000,acute care hospitals,proprietary,yes
804,10040,gadsden regional medical center,1007 goodyear avenue,gadsden,al,35903,etowah,2564944000,acute care hospitals,proprietary,yes
805,10040,gadsden regional medical center,1007 goodyear avenue,gadsden,al,35903,etowah,2564944000,acute care hospitals,proprietary,yes
806,10040,gadsden regional medical center,1007 goodyear avenue,gadsden,al,35903,etowah,2564944000,acute care hospitals,proprietary,yes
807,10040,gadsden regional medical center,1007 goodyear avenue,gadsden,al,35903,etowah,2564944000,acute care hospitals,proprietary,yes
808,10040,gadsden regional medical center,1007 goodyear avenue,gadsden,al,35903,etowah,2564944000,acute care hospitals,proprietary,yes
809,10040,gadsden regional medical center,1007 goodyear avenue,gadsden,al,35903,etowah,2564944000,acute care hospitals,proprietary,yes
810,10040,gadsden regional medical center,1007 goodyear avenue,gadsden,al,35903,etowah,2564944000,acute care hospitals,proprietary,yes
811,10040,gadsden regional medical center,1007 goodyear avenue,gadsden,al,35903,etowah,2564944000,acute care hospitals,proprietary,yes
812,10040,gadsden regional medical center,1007 goodyear avenue,gadsden,al,35903,etowah,2564944000,acute care hospitals,proprietary,yes
813,10040,gadsden regional medical center,1007 goodyear avenue,gadsden,al,35903,etowah,2564944000,acute care hospitals,proprietary,yes
814,10040,gadsden regional medical center,1007 goodyear avenue,gadsden,al,35903,etowah,2564944000,acute care hospitals,proprietary,yes
815,10040,gadsden regional medical center,1007 goodyear avenue,gadsden,al,35903,etowah,2564944000,acute care hospitals,proprietary,yes
816,10040,gadsden regional medical center,1007 goodyear avenue,gadsden,al,35903,etowah,2564944000,acute care hospitals,proprietary,yes
817,10040,gadsden regional medical center,1007 goodyear avenue,gadsden,al,35903,etowah,2564944000,acute care hospitals,proprietary,yes
818,10040,gadsden regional medical center,1007 goodyear avenue,gadsden,al,35903,etowah,2564944000,acute care hospitals,proprietary,yes
819,10040,gadsden regional medical center,1007 goodyear avenue,gadsden,al,35903,etowah,2564944000,acute care hospitals,proprietary,yes
820,10040,gadsden regional medical center,1007 goodyear avenue,gadsden,al,35903,etowah,2564944000,acute care hospitals,proprietary,yes
821,10040,gadsden regional medical center,1007 goodyear avenue,gadsden,al,35903,etowah,2564944000,acute care hospitals,proprietary,yes
822,10040,gadsden regional medical center,1007 goodyear avenue,gadsden,al,35903,etowah,2564944000,acute care hospitals,proprietary,yes
823,10040,gadsden regional medical center,1007 goodyear avenue,gadsden,al,35903,etowah,2564944000,acute care hospitals,proprietary,yes
824,10040,gadsden regional medical center,1007 goodyear avenue,gadsden,al,35903,etowah,2564944000,acute care hospitals,proprietary,yes
825,10040,gadsden regional medical center,1007 goodyear avenue,gadsden,al,35903,etowah,2564944000,acute care hospitals,proprietary,yes
826,10040,gadsden regional medical center,1007 goodyear avenue,gadsden,al,35903,etowah,2564944000,acute care hospitals,proprietary,yes
827,10040,gadsden regional medical center,1007 goodyear avenue,gadsden,al,35903,etowah,2564944000,acute care hospitals,proprietary,yes
828,10043,chilton medical center,1010 lay dam road,clanton,al,35045,chilton,2057552500,acute care hospitals,voluntary non-profit - private,yes
829,10043,chilton medical center,1010 lay dam road,clanton,al,35045,chilton,2057552500,acute care hospitals,voluntary non-profit - private,yes
830,10043,chilton medical center,1010 lay dam road,clanton,al,35045,chilton,2057552500,acute care hospitals,voluntary non-profit - private,yes
831,10043,chilton medical center,1010 lay dam road,clanton,al,35045,chilton,2057552500,acute care hospitals,voluntary non-profit - private,yes
832,10043,chilton medical center,1010 lay dam road,clanton,al,35045,chilton,2057552500,acute care hospitals,voluntary non-profit - private,yes
833,10043,chilton medical center,1010 lay dam road,clanton,al,35045,chilton,2057552500,acute care hospitals,voluntary non-profit - private,yes
834,10043,chilton medical center,1010 lay dam road,clanton,al,35045,chilton,2057552500,acute care hospitals,voluntary non-profit - private,yes
835,10043,chilton medical center,1010 lay dam road,clanton,al,35045,chilton,2057552500,acute care hospitals,voluntary non-profit - private,yes
836,10043,chilton medical center,1010 lay dam road,clanton,al,35045,chilton,2057552500,acute care hospitals,voluntary non-profit - private,yes
837,10043,chilton medical center,1010 lay dam road,clanton,al,35045,chilton,2057552500,acute care hospitals,voluntary non-profit - private,yes
838,10043,chilton medical center,1010 lay dam road,clanton,al,35045,chilton,2057552500,acute care hospitals,voluntary non-profit - private,yes
839,10043,chilton medical center,1010 lay dam road,clanton,al,35045,chilton,2057552500,acute care hospitals,voluntary non-profit - private,yes
840,10043,chilton medical center,1010 lay dam road,clanton,al,35045,chilton,2057552500,acute care hospitals,voluntary non-profit - private,yes
841,10043,chilton medical center,1010 lay dam road,clanton,al,35045,chilton,2057552500,acute care hospitals,voluntary non-profit - private,yes
842,10043,chilton medical center,1010 lay dam road,clanton,al,35045,chilton,2057552500,acute care hospitals,voluntary non-profit - private,yes
843,10043,chilton medical center,1010 lay dam road,clanton,al,35045,chilton,2057552500,acute care hospitals,voluntary non-profit - private,yes
844,10043,chilton medical center,1010 lay dam road,clanton,al,35045,chilton,2057552500,acute care hospitals,voluntary non-profit - private,yes
845,10043,chilton medical center,1010 lay dam road,clanton,al,35045,chilton,2057552500,acute care hospitals,voluntary non-profit - private,yes
846,10043,chilton medical center,1010 lay dam road,clanton,al,35045,chilton,2057552500,acute care hospitals,voluntary non-profit - private,yes
847,10043,chilton medical center,1010 lay dam road,clanton,al,35045,chilton,2057552500,acute care hospitals,voluntary non-profit - private,yes
848,10043,chilton medical center,1010 lay dam road,clanton,al,35045,chilton,2057552500,acute care hospitals,voluntary non-profit - private,yes
849,10043,chilton medical center,1010 lay dam road,clanton,al,35045,chilton,2057552500,acute care hospitals,voluntary non-profit - private,yes
850,10043,chilton medical center,1010 lay dam road,clanton,al,35045,chilton,2057552500,acute care hospitals,voluntary non-profit - private,yes
851,10043,chilton medical center,1010 lay dam road,clanton,al,35045,chilton,2057552500,acute care hospitals,voluntary non-profit - private,yes
852,10043,chilton medical center,1010 lay dam road,clanton,al,35045,chilton,2057552500,acute care hospitals,voluntary non-profit - private,yes
853,10044,marion regional medical center,1256 military street south,hamilton,al,35570,marion,2059216200,acute care hospitals,voluntary non-profit - private,yes
854,10044,marion regional medical center,1256 military street south,hamilton,al,35570,marion,2059216200,acute care hospitals,voluntary non-profit - private,yes
855,10044,marion regional medical center,1256 military street south,hamilton,al,35570,marion,2059216200,acute care hospitals,voluntary non-profit - private,yes
856,10044,marion regional medical center,1256 military street south,hamilton,al,35570,marion,2059216200,acute care hospitals,voluntary non-profit - private,yes
857,10044,marion regional medical center,1256 military street south,hamilton,al,35570,marion,2059216200,acute care hospitals,voluntary non-profit - private,yes
858,10044,marion regional medical center,1256 military street south,hamilton,al,35570,marion,2059216200,acute care hospitals,voluntary non-profit - private,yes
859,10044,marion regional medical center,1256 military street south,hamilton,al,35570,marion,2059216200,acute care hospitals,voluntary non-profit - private,yes
860,10044,marion regional medical center,1256 military street south,hamilton,al,35570,marion,2059216200,acute care hospitals,voluntary non-profit - private,yes
861,10044,marion regional medical center,1256 military street south,hamilton,al,35570,marion,2059216200,acute care hospitals,voluntary non-profit - private,yes
862,10044,marion regional medical center,1256 military street south,hamilton,al,35570,marion,2059216200,acute care hospitals,voluntary non-profit - private,yes
863,10044,marion regional medical center,1256 military street south,hamilton,al,35570,marion,2059216200,acute care hospitals,voluntary non-profit - private,yes
864,10044,marion regional medical center,1256 military street south,hamilton,al,35570,marion,2059216200,acute care hospitals,voluntary non-profit - private,yes
865,10044,marion regional medical center,1256 military street south,hamilton,al,35570,marion,2059216200,acute care hospitals,voluntary non-profit - private,yes
866,10044,marion regional medical center,1256 military street south,hamilton,al,35570,marion,2059216200,acute care hospitals,voluntary non-profit - private,yes
867,10044,marion regional medical center,1256 military street south,hamilton,al,35570,marion,2059216200,acute care hospitals,voluntary non-profit - private,yes
868,10044,marion regional medical center,1256 military street south,hamilton,al,35570,marion,2059216200,acute care hospitals,voluntary non-profit - private,yes
869,10044,marion regional medical center,1256 military street south,hamilton,al,35570,marion,2059216200,acute care hospitals,voluntary non-profit - private,yes
870,10044,marion regional medical center,1256 military street south,hamilton,al,35570,marion,2059216200,acute care hospitals,voluntary non-profit - private,yes
871,10044,marion regional medical center,1256 military street south,hamilton,al,35570,marion,2059216200,acute care hospitals,voluntary non-profit - private,yes
872,10044,marion regional medical center,1256 military street south,hamilton,al,35570,marion,2059216200,acute care hospitals,voluntary non-profit - private,yes
873,10044,marion regional medical center,1256 military street south,hamilton,al,35570,marion,2059216200,acute care hospitals,voluntary non-profit - private,yes
874,10044,marion regional medical center,1256 military street south,hamilton,al,35570,marion,2059216200,acute care hospitals,voluntary non-profit - private,yes
875,10044,marion regional medical center,1256 military street south,hamilton,al,35570,marion,2059216200,acute care hospitals,voluntary non-profit - private,yes
876,10044,marion regional medical center,1256 military street south,hamilton,al,35570,marion,2059216200,acute care hospitals,voluntary non-profit - private,yes
877,10044,marion regional medical center,1256 military street south,hamilton,al,35570,marion,2059216200,acute care hospitals,voluntary non-profit - private,yes
878,10045,fayette medical center,1653 temple avenue north,fayette,al,35555,fayette,2059325966,acute care hospitals,voluntary non-profit - other,yes
879,10045,fayette medical center,1653 temple avenue north,fayette,al,35555,fayette,2059325966,acute care hospitals,voluntary non-profit - other,yes
880,10045,fayette medical center,1653 temple avenue north,fayette,al,35555,fayette,2059325966,acute care hospitals,voluntary non-profit - other,yes
881,10045,fayette medical center,1653 temple avenue north,fayette,al,35555,fayette,2059325966,acute care hospitals,voluntary non-profit - other,yes
882,10045,fayette medical center,1653 temple avenue north,fayette,al,35555,fayette,2059325966,acute care hospitals,voluntary non-profit - other,yes
883,10045,fayette medical center,1653 temple avenue north,fayette,al,35555,fayette,2059325966,acute care hospitals,voluntary non-profit - other,yes
884,10045,fayette medical center,1653 temple avenue north,fayette,al,35555,fayette,2059325966,acute care hospitals,voluntary non-profit - other,yes
885,10045,fayette medical center,1653 temple avenue north,fayette,al,35555,fayette,2059325966,acute care hospitals,voluntary non-profit - other,yes
886,10045,fayette medical center,1653 temple avenue north,fayette,al,35555,fayette,2059325966,acute care hospitals,voluntary non-profit - other,yes
887,10045,fayette medical center,1653 temple avenue north,fayette,al,35555,fayette,2059325966,acute care hospitals,voluntary non-profit - other,yes
888,10045,fayette medical center,1653 temple avenue north,fayette,al,35555,fayette,2059325966,acute care hospitals,voluntary non-profit - other,yes
889,10045,fayette medical center,1653 temple avenue north,fayette,al,35555,fayette,2059325966,acute care hospitals,voluntary non-profit - other,yes
890,10045,fayette medical center,1653 temple avenue north,fayette,al,35555,fayette,2059325966,acute care hospitals,voluntary non-profit - other,yes
891,10045,fayette medical center,1653 temple avenue north,fayette,al,35555,fayette,2059325966,acute care hospitals,voluntary non-profit - other,yes
892,10045,fayette medical center,1653 temple avenue north,fayette,al,35555,fayette,2059325966,acute care hospitals,voluntary non-profit - other,yes
893,10045,fayette medical center,1653 temple avenue north,fayette,al,35555,fayette,2059325966,acute care hospitals,voluntary non-profit - other,yes
894,10045,fayette medical center,1653 temple avenue north,fayette,al,35555,fayette,2059325966,acute care hospitals,voluntary non-profit - other,yes
895,10045,fayette medical center,1653 temple avenue north,fayette,al,35555,fayette,2059325966,acute care hospitals,voluntary non-profit - other,yes
896,10045,fayette medical center,1653 temple avenue north,fayette,al,35555,fayette,2059325966,acute care hospitals,voluntary non-profit - other,yes
897,10045,fayette medical center,1653 temple avenue north,fayette,al,35555,fayette,2059325966,acute care hospitals,voluntary non-profit - other,yes
898,10045,fayette medical center,1653 temple avenue north,fayette,al,35555,fayette,2059325966,acute care hospitals,voluntary non-profit - other,yes
899,10045,fayette medical center,1653 temple avenue north,fayette,al,35555,fayette,2059325966,acute care hospitals,voluntary non-profit - other,yes
900,10045,fayette medical center,1653 temple avenue north,fayette,al,35555,fayette,2059325966,acute care hospitals,voluntary non-profit - other,yes
901,10045,fayette medical center,1653 temple avenue north,fayette,al,35555,fayette,2059325966,acute care hospitals,voluntary non-profit - other,yes
902,10045,fayette medical center,1653 temple avenue north,fayette,al,35555,fayette,2059325966,acute care hospitals,voluntary non-profit - other,yes
903,10046,riverview regional medical center,600 south third street,gadsden,al,35901,etowah,2565435200,acute care hospitals,proprietary,yes
904,10046,riverview regional medical center,600 south third street,gadsden,al,35901,etowah,2565435200,acute care hospitals,proprietary,yes
905,10046,riverview regional medical center,600 south third street,gadsden,al,35901,etowah,2565435200,acute care hospitals,proprietary,yes
906,10046,riverview regional medical center,600 south third street,gadsden,al,35901,etowah,2565435200,acute care hospitals,proprietary,yes
907,10046,riverview regional medical center,600 south third street,gadsden,al,35901,etowah,2565435200,acute care hospitals,proprietary,yes
908,10046,riverview regional medical center,600 south third street,gadsden,al,35901,etowah,2565435200,acute care hospitals,proprietary,yes
909,10046,riverview regional medical center,600 south third street,gadsden,al,35901,etowah,2565435200,acute care hospitals,proprietary,yes
910,10046,riverview regional medical center,600 south third street,gadsden,al,35901,etowah,2565435200,acute care hospitals,proprietary,yes
911,10046,riverview regional medical center,600 south third street,gadsden,al,35901,etowah,2565435200,acute care hospitals,proprietary,yes
912,10046,riverview regional medical center,600 south third street,gadsden,al,35901,etowah,2565435200,acute care hospitals,proprietary,yes
913,10046,riverview regional medical center,600 south third street,gadsden,al,35901,etowah,2565435200,acute care hospitals,proprietary,yes
914,10046,riverview regional medical center,600 south third street,gadsden,al,35901,etowah,2565435200,acute care hospitals,proprietary,yes
915,10046,riverview regional medical center,600 south third street,gadsden,al,35901,etowah,2565435200,acute care hospitals,proprietary,yes
916,10046,riverview regional medical center,600 south third street,gadsden,al,35901,etowah,2565435200,acute care hospitals,proprietary,yes
917,10046,riverview regional medical center,600 south third street,gadsden,al,35901,etowah,2565435200,acute care hospitals,proprietary,yes
918,10046,riverview regional medical center,600 south third street,gadsden,al,35901,etowah,2565435200,acute care hospitals,proprietary,yes
919,10046,riverview regional medical center,600 south third street,gadsden,al,35901,etowah,2565435200,acute care hospitals,proprietary,yes
920,10046,riverview regional medical center,600 south third street,gadsden,al,35901,etowah,2565435200,acute care hospitals,proprietary,yes
921,10046,riverview regional medical center,600 south third street,gadsden,al,35901,etowah,2565435200,acute care hospitals,proprietary,yes
922,10046,riverview regional medical center,600 south third street,gadsden,al,35901,etowah,2565435200,acute care hospitals,proprietary,yes
923,10046,riverview regional medical center,600 south third street,gadsden,al,35901,etowah,2565435200,acute care hospitals,proprietary,yes
924,10046,riverview regional medical center,600 south third street,gadsden,al,35901,etowah,2565435200,acute care hospitals,proprietary,yes
925,10046,riverview regional medical center,600 south third street,gadsden,al,35901,etowah,2565435200,acute care hospitals,proprietary,yes
926,10046,riverview regional medical center,600 south third street,gadsden,al,35901,etowah,2565435200,acute care hospitals,proprietary,yes
927,10046,riverview regional medical center,600 south third street,gadsden,al,35901,etowah,2565435200,acute care hospitals,proprietary,yes
928,10046,riverview regional medical center,600 south third street,gadsden,al,35901,etowah,2565435200,acute care hospitals,proprietary,yes
929,10046,riverview regional medical center,600 south third street,gadsden,al,35901,etowah,2565435200,acute care hospitals,proprietary,yes
930,10046,riverview regional medical center,600 south third street,gadsden,al,35901,etowah,2565435200,acute care hospitals,proprietary,yes
931,10047,georgiana hospital,515 miranda st,georgiana,al,36033,butler,3343762205,acute care hospitals,voluntary non-profit - private,no
932,10047,georgiana hospital,515 miranda st,georgiana,al,36033,butler,3343762205,acute care hospitals,voluntary non-profit - private,no
933,10047,georgiana hospital,515 miranda st,georgiana,al,36033,butler,3343762205,acute care hospitals,voluntary non-profit - private,no
934,10047,georgiana hospital,515 miranda st,georgiana,al,36033,butler,3343762205,acute care hospitals,voluntary non-profit - private,no
935,10047,georgiana hospital,515 miranda st,georgiana,al,36033,butler,3343762205,acute care hospitals,voluntary non-profit - private,no
936,10047,georgiana hospital,515 miranda st,georgiana,al,36033,butler,3343762205,acute care hospitals,voluntary non-profit - private,no
937,10047,georgiana hospital,515 miranda st,georgiana,al,36033,butler,3343762205,acute care hospitals,voluntary non-profit - private,no
938,10047,georgiana hospital,515 miranda st,georgiana,al,36033,butler,3343762205,acute care hospitals,voluntary non-profit - private,no
939,10047,georgiana hospital,515 miranda st,georgiana,al,36033,butler,3343762205,acute care hospitals,voluntary non-profit - private,no
940,10047,georgiana hospital,515 miranda st,georgiana,al,36033,butler,3343762205,acute care hospitals,voluntary non-profit - private,no
941,10047,georgiana hospital,515 miranda st,georgiana,al,36033,butler,3343762205,acute care hospitals,voluntary non-profit - private,no
942,10047,georgiana hospital,515 miranda st,georgiana,al,36033,butler,3343762205,acute care hospitals,voluntary non-profit - private,no
943,10047,georgiana hospital,515 miranda st,georgiana,al,36033,butler,3343762205,acute care hospitals,voluntary non-profit - private,no
944,10047,georgiana hospital,515 miranda st,georgiana,al,36033,butler,3343762205,acute care hospitals,voluntary non-profit - private,no
945,10047,georgiana hospital,515 miranda st,georgiana,al,36033,butler,3343762205,acute care hospitals,voluntary non-profit - private,no
946,10047,georgiana hospital,515 miranda st,georgiana,al,36033,butler,3343762205,acute care hospitals,voluntary non-profit - private,no
947,10047,georgiana hospital,515 miranda st,georgiana,al,36033,butler,3343762205,acute care hospitals,voluntary non-profit - private,no
948,10047,georgiana hospital,515 miranda st,georgiana,al,36033,butler,3343762205,acute care hospitals,voluntary non-profit - private,no
949,10047,georgiana hospital,515 miranda st,georgiana,al,36033,butler,3343762205,acute care hospitals,voluntary non-profit - private,no
950,10047,georgiana hospital,515 miranda st,georgiana,al,36033,butler,3343762205,acute care hospitals,voluntary non-profit - private,no
951,10047,georgiana hospital,515 miranda st,georgiana,al,36033,butler,3343762205,acute care hospitals,voluntary non-profit - private,no
952,10047,georgiana hospital,515 miranda st,georgiana,al,36033,butler,3343762205,acute care hospitals,voluntary non-profit - private,no
953,10047,georgiana hospital,515 miranda st,georgiana,al,36033,butler,3343762205,acute care hospitals,voluntary non-profit - private,no
954,10047,georgiana hospital,515 miranda st,georgiana,al,36033,butler,3343762205,acute care hospitals,voluntary non-profit - private,no
955,10047,georgiana hospital,515 miranda st,georgiana,al,36033,butler,3343762205,acute care hospitals,voluntary non-profit - private,no
956,10049,medical center enterprise,400 n edwards street,enterprise,al,36330,coffee,3343470584,acute care hospitals,proprietary,yes
957,10049,medical center enterprise,400 n edwards street,enterprise,al,36330,coffee,3343470584,acute care hospitals,proprietary,yes
958,10049,medical center enterprise,400 n edwards street,enterprise,al,36330,coffee,3343470584,acute care hospitals,proprietary,yes
959,10049,medical center enterprise,400 n edwards street,enterprise,al,36330,coffee,3343470584,acute care hospitals,proprietary,yes
960,10049,medical center enterprise,400 n edwards street,enterprise,al,36330,coffee,3343470584,acute care hospitals,proprietary,yes
961,10049,medical center enterprise,400 n edwards street,enterprise,al,36330,coffee,3343470584,acute care hospitals,proprietary,yes
962,10049,medical center enterprise,400 n edwards street,enterprise,al,36330,coffee,3343470584,acute care hospitals,proprietary,yes
963,10049,medical center enterprise,400 n edwards street,enterprise,al,36330,coffee,3343470584,acute care hospitals,proprietary,yes
964,10049,medical center enterprise,400 n edwards street,enterprise,al,36330,coffee,3343470584,acute care hospitals,proprietary,yes
965,10049,medical center enterprise,400 n edwards street,enterprise,al,36330,coffee,3343470584,acute care hospitals,proprietary,yes
966,10049,medical center enterprise,400 n edwards street,enterprise,al,36330,coffee,3343470584,acute care hospitals,proprietary,yes
967,10049,medical center enterprise,400 n edwards street,enterprise,al,36330,coffee,3343470584,acute care hospitals,proprietary,yes
968,10049,medical center enterprise,400 n edwards street,enterprise,al,36330,coffee,3343470584,acute care hospitals,proprietary,yes
969,10049,medical center enterprise,400 n edwards street,enterprise,al,36330,coffee,3343470584,acute care hospitals,proprietary,yes
970,10049,medical center enterprise,400 n edwards street,enterprise,al,36330,coffee,3343470584,acute care hospitals,proprietary,yes
971,10049,medical center enterprise,400 n edwards street,enterprise,al,36330,coffee,3343470584,acute care hospitals,proprietary,yes
972,10049,medical center enterprise,400 n edwards street,enterprise,al,36330,coffee,3343470584,acute care hospitals,proprietary,yes
973,10049,medical center enterprise,400 n edwards street,enterprise,al,36330,coffee,3343470584,acute care hospitals,proprietary,yes
974,10049,medical center enterprise,400 n edwards street,enterprise,al,36330,coffee,3343470584,acute care hospitals,proprietary,yes
975,10049,medical center enterprise,400 n edwards street,enterprise,al,36330,coffee,3343470584,acute care hospitals,proprietary,yes
976,10049,medical center enterprise,400 n edwards street,enterprise,al,36330,coffee,3343470584,acute care hospitals,proprietary,yes
977,10049,medical center enterprise,400 n edwards street,enterprise,al,36330,coffee,3343470584,acute care hospitals,proprietary,yes
978,10049,medical center enterprise,400 n edwards street,enterprise,al,36330,coffee,3343470584,acute care hospitals,proprietary,yes
979,10049,medical center enterprise,400 n edwards street,enterprise,al,36330,coffee,3343470584,acute care hospitals,proprietary,yes
980,10049,medical center enterprise,400 n edwards street,enterprise,al,36330,coffee,3343470584,acute care hospitals,proprietary,yes
981,10050,st vincents blount,150 gilbreath drive,oneonta,al,35121,blount,2052743000,acute care hospitals,voluntary non-profit - private,yes
982,10050,st vincents blount,150 gilbreath drive,oneonta,al,35121,blount,2052743000,acute care hospitals,voluntary non-profit - private,yes
983,10050,st vincents blount,150 gilbreath drive,oneonta,al,35121,blount,2052743000,acute care hospitals,voluntary non-profit - private,yes
984,10050,st vincents blount,150 gilbreath drive,oneonta,al,35121,blount,2052743000,acute care hospitals,voluntary non-profit - private,yes
985,10050,st vincents blount,150 gilbreath drive,oneonta,al,35121,blount,2052743000,acute care hospitals,voluntary non-profit - private,yes
986,10050,st vincents blount,150 gilbreath drive,oneonta,al,35121,blount,2052743000,acute care hospitals,voluntary non-profit - private,yes
987,10050,st vincents blount,150 gilbreath drive,oneonta,al,35121,blount,2052743000,acute care hospitals,voluntary non-profit - private,yes
988,10050,st vincents blount,150 gilbreath drive,oneonta,al,35121,blount,2052743000,acute care hospitals,voluntary non-profit - private,yes
989,10050,st vincents blount,150 gilbreath drive,oneonta,al,35121,blount,2052743000,acute care hospitals,voluntary non-profit - private,yes
990,10050,st vincents blount,150 gilbreath drive,oneonta,al,35121,blount,2052743000,acute care hospitals,voluntary non-profit - private,yes
991,10050,st vincents blount,150 gilbreath drive,oneonta,al,35121,blount,2052743000,acute care hospitals,voluntary non-profit - private,yes
992,10050,st vincents blount,150 gilbreath drive,oneonta,al,35121,blount,2052743000,acute care hospitals,voluntary non-profit - private,yes
993,10050,st vincents blount,150 gilbreath drive,oneonta,al,35121,blount,2052743000,acute care hospitals,voluntary non-profit - private,yes
994,10050,st vincents blount,150 gilbreath drive,oneonta,al,35121,blount,2052743000,acute care hospitals,voluntary non-profit - private,yes
995,10050,st vincents blount,150 gilbreath drive,oneonta,al,35121,blount,2052743000,acute care hospitals,voluntary non-profit - private,yes
996,10050,st vincents blount,150 gilbreath drive,oneonta,al,35121,blount,2052743000,acute care hospitals,voluntary non-profit - private,yes
997,10050,st vincents blount,150 gilbreath drive,oneonta,al,35121,blount,2052743000,acute care hospitals,voluntary non-profit - private,yes
998,10050,st vincents blount,150 gilbreath drive,oneonta,al,35121,blount,2052743000,acute care hospitals,voluntary non-profit - private,yes
999,10050,st vincents blount,150 gilbreath drive,oneonta,al,35121,blount,2052743000,acute care hospitals,voluntary non-profit - private,yes
1000,10050,st vincents blount,150 gilbreath drive,oneonta,al,35121,blount,2052743000,acute care hospitals,voluntary non-profit - private,yes
